code,section,category,name,size,finish,finish_code,image,catalogue_page
SE-1002,Brass Hardware,Brass Lever Handles,Lever Latch Georgian,152mm×45mm,Brass Polished Lacquered,BPL,images/SE-1002.jpg,A04
SE-1003,Brass Hardware,Brass Lever Handles,Lever Handle,152mm×45mm,Brass Polished Lacquered,BPL,images/SE-1003.jpg,A04
SE-1012,Brass Hardware,Brass Lever Handles,Lever Lock Euro,228mmx42mm,Brass Polished Lacquered,BPL,images/SE-1012.jpg,A04
SE-1013,Brass Hardware,Brass Lever Handles,Lever Lock Euro,240mm×45mm,Brass Polished Lacquered,BPL,images/SE-1013.jpg,A04
SE-1001,Brass Hardware,Brass Lever Handles,Lever Lock Georgian,200mmx46mm,Brass Polished Lacquered,BPL,images/SE-1001.jpg,A04
SE-1011,Brass Hardware,Brass Lever Handles,Lever Lock Euro,260mm×44mm,Brass Polished Lacquered,BPL,images/SE-1011.jpg,A04
SE-1014,Brass Hardware,Brass Lever Handles,Lever Lock Euro,152mm×42mm,Satin Chrome Plated,SCP,images/SE-1014.jpg,A04
SE-1015,Brass Hardware,Brass Lever Handles,Lever Lock Euro,204mm×47mm,Satin Chrome Plated,SCP,images/SE-1015.jpg,A04
SE-1016,Brass Hardware,Brass Lever Handles,Lever Lock Euro,152mmx42mm,Satin Chrome Plated,SCP,images/SE-1016.jpg,A04
SE-1004,Brass Hardware,Brass Lever Handles,Lever Lock Flat Handle Victorian,200mm×44mm,Brass Polished Lacquered,BPL,images/SE-1004.jpg,A04
SE-1005,Brass Hardware,Brass Lever Handles,Lever Lock Victorian,200mm×44mm,Brass Polished Lacquered,BPL,images/SE-1005.jpg,A04
SE-1006,Brass Hardware,Brass Lever Handles,Knob Lock Georgian,152mm×45mm,Brass Polished Lacquered,BPL,images/SE-1006.jpg,A04
SE-1007,Brass Hardware,Brass Lever Handles,Lever Handle,100mm×45mm,Brass Polished Lacquered,BPL,images/SE-1007.jpg,A04
SE-1008,Brass Hardware,Brass Lever Handles,Lever Handle,152mm×40mm,Brass Polished Lacquered,BPL,images/SE-1008.jpg,A04
SE-1009,Brass Hardware,Brass Lever Handles,Lever Privacy,110mmx40mm,Brass Polished Lacquered,BPL,images/SE-1009.jpg,A04
SE-1010,Brass Hardware,Brass Lever Handles,Lever Bathroom Fitting,152mmx40mm,Brass Polished Lacquered,BPL,images/SE-1010.jpg,A04
SE-1017,Brass Hardware,Brass Lever Handles,Lever Lock Euro,204mm×44mm,Satin Chrome Plated,SCP,images/SE-1017.jpg,A04
SE-1018,Brass Hardware,Brass Lever Handles,Lever Lock Euro,240mm×42mm,Black Satin Chrome,BSC,images/SE-1018.jpg,A04
SE-1019,Brass Hardware,Brass Lever Handles,Lever Lock,152mm×32mm,Florantine Bronze,,images/SE-1019.jpg,A04
SE-1020,Brass Hardware,Brass Lever Handles,Lever Lock Euro（PS）,228mm×42mm,,,images/SE-1020.jpg,A04
SE-2002,Brass Hardware,Brass Rose Latches,Lever on Rose,Rose55mm X55mm,Satin Chrome Plated,SCP,images/SE-2002.jpg,A05
SE-1022,Brass Hardware,Brass Lever Handles,Lever Lock(PS),178mm×42mm,S/Gold,,images/SE-1022.jpg,A05
SE-1023,Brass Hardware,Brass Lever Handles,Lever Handle,228mm×42mm,S/Gold,,images/SE-1023.jpg,A05
SE-2001,Brass Hardware,Brass Rose Latches,Lever on Rose,Rose55mm X55mm,Antique Brass,,images/SE-2001.jpg,A05
SE-2003,Brass Hardware,Brass Rose Latches,Lever on Rose,Rose55mm X55mm,Antique Brass,,images/SE-2003.jpg,A05
SE-1021,Brass Hardware,Brass Lever Handles,Lever Lock Euro(PS),228mmx42mm,S/Gold,,images/SE-1021.jpg,A05
SE-1024,Brass Hardware,Brass Lever Handles,Lever Lock Euro(PS),228mmx42mm,S/Gold,,images/SE-1024.jpg,A05
SE-1025,Brass Hardware,Brass Lever Handles,Lever Lock Euro(PS),228mm×42mm,S/Mat,,images/SE-1025.jpg,A05
SE-2004,Brass Hardware,Brass Rose Latches,Leveron Rose,Rose55mm0,Satin Chrome Plated,SCP,images/SE-2004.jpg,A05
SE-2005,Brass Hardware,Brass Rose Latches,Leveron Rose,Rose55mm X55mm,Satin Chrome Plated,SCP,images/SE-2005.jpg,A05
SE-2006,Brass Hardware,Brass Rose Latches,Lever on Rose,Rose55mm0,S/Gold,,images/SE-2006.jpg,A05
SE-2007,Brass Hardware,Brass Rose Latches,Lever on Rose,Rose52mm0,Brass Polished Lacquered,BPL,images/SE-2007.jpg,A05
SE-2008,Brass Hardware,Brass Rose Latches,Lever on Rose,Rose52mm0,Chrome Plated,CP,images/SE-2008.jpg,A05
SE-2009,Brass Hardware,Brass Rose Latches,Lever on Rose,Rose55mm0,Satin Chrome Plated,SCP,images/SE-2009.jpg,A05
SE-1026,Brass Hardware,Brass Lever Handles,Knob Lock(PS),195mmx65mm,Florantine Bronze,,images/SE-1026.jpg,A05
SE-1027,Brass Hardware,Brass Lever Handles,Knob Lock(PS),195mmx65mm,Brass Polished Lacquered,BPL,images/SE-1027.jpg,A05
SE-1028,Brass Hardware,Brass Lever Handles,Knob Latch(PS),185mm×60mm,Florantine Bronze,,images/SE-1028.jpg,A05
SE-1029,Brass Hardware,Brass Lever Handles,Knob Lock(PS),203mm×63mm,Chrome Plated,CP,images/SE-1029.jpg,A05
SE-2011,Brass Hardware,Brass Rose Latches,Leveron Rose,Rose52mm0,Satin Chrome Plated,SCP,images/SE-2011.jpg,A06
SE-2018,Brass Hardware,Brass Rose Latches,Lever on Rose,Rose52mm,S/Gold,,images/SE-2018.jpg,A06
SE-2010,Brass Hardware,Brass Rose Latches,Rose Latche,Rose52mm,Antique Copper,,images/SE-2010.jpg,A06
SE-2017,Brass Hardware,Brass Rose Latches,Leveron Rose,Rose52mm0,Gold Polished Lacquered,GPL,images/SE-2017.jpg,A06
SE-2012,Brass Hardware,Brass Rose Latches,Lever on Rose,Rose52mm0,Satin Chrome Plated,SCP,images/SE-2012.jpg,A06
SE-2019,Brass Hardware,Brass Rose Latches,Leveron Rose,Rose52mm,Gold Polished Lacquered,GPL,images/SE-2019.jpg,A06
SE-2013,Brass Hardware,Brass Rose Latches,Lever on Rose,Rose52mm0,Chrome Plated,CP,images/SE-2013.jpg,A06
SE-2014,Brass Hardware,Brass Rose Latches,Lever on Rose,Rose52mm0,Chrome Plated,CP,images/SE-2014.jpg,A06
SE-2020,Brass Hardware,Brass Rose Latches,Lever on Rose,Rose52mm0,Gold Polished Lacquered,GPL,images/SE-2020.jpg,A06
SE-2021,Brass Hardware,Brass Rose Latches,Lever on Rose,Rose52mm0,Silver/Gold,,images/SE-2021.jpg,A06
SE-2022,Brass Hardware,Brass Rose Latches,Lever on Rose,Rose52mm0,Chrome Plated,CP,images/SE-2022.jpg,A06
SE-2015,Brass Hardware,Brass Rose Latches,Rose Latche,Rose52mm0,Satin Chrome Plated,SCP,images/SE-2015.jpg,A06
SE-2023,Brass Hardware,Brass Rose Latches,Leveron Rose,Rose52mm0,Chrome Plated,CP,images/SE-2023.jpg,A06
SE-2024,Brass Hardware,Brass Rose Latches,Leveron Rose,Rose52mm0,Antique Brass,,images/SE-2024.jpg,A06
SE-2025,Brass Hardware,Brass Rose Latches,Lever on Rose,Rose52mm0,Antique Brass,,images/SE-2025.jpg,A06
SE-2016,Brass Hardware,Brass Rose Latches,Rose Latche,Rose52mm0,Satin Chrome Plated,SCP,images/SE-2016.jpg,A06
SE-3002,Brass Hardware,Brass Door Knockers,Door Knocker Lion,202mm,Brass Polished Lacquered,BPL,images/SE-3002.jpg,A07
SE-3003,Brass Hardware,Brass Door Knockers,Door Knocker,202mm,Brass Polished Lacquered,BPL,images/SE-3003.jpg,A07
SE-3012,Brass Hardware,Brass Door Knockers,Door Knocker,110mm,Brass Polished Lacquered,BPL,images/SE-3012.jpg,A07
SE-3011,Brass Hardware,Brass Door Knockers,Door Knocker,115mm,Brass Polished Lacquered,BPL,images/SE-3011.jpg,A07
SE-3001,Brass Hardware,Brass Door Knockers,Door Knocker Georgian,202mm,Brass Polished Lacquered,BPL,images/SE-3001.jpg,A07
SE-3004,Brass Hardware,Brass Door Knockers,Door Knocker Lion,120mm,Brass Polished Lacquered,BPL,images/SE-3004.jpg,A07
SE-3005,Brass Hardware,Brass Door Knockers,Horse Knocker,125mm,Brass Polished Lacquered,BPL,images/SE-3005.jpg,A07
SE-3014,Brass Hardware,Brass Door Knockers,Door Knocker shell,190mm,Brass Polished Lacquered,BPL,images/SE-3014.jpg,A07
SE-3013,Brass Hardware,Brass Door Knockers,Door Knocker Victorian,152mm,Brass Polished Lacquered,BPL,images/SE-3013.jpg,A07
SE-3010,Brass Hardware,Brass Door Knockers,Door Knocker Artistic,200mm,Antique Brass,,images/SE-3010.jpg,A07
SE-3017,Brass Hardware,Brass Door Knockers,Door Knocker Medusa,180mm,Brass Polished Lacquered,BPL,images/SE-3017.jpg,A07
SE-3018,Brass Hardware,Brass Door Knockers,Door Knocker Slim,185mm,Chrome Plated,CP,images/SE-3018.jpg,A07
SE-3006,Brass Hardware,Brass Door Knockers,Door Knocker,210mm,Brass Polished Lacquered,BPL,images/SE-3006.jpg,A07
SE-3015,Brass Hardware,Brass Door Knockers,Door Knocker,200mm,Brass Polished Lacquered,BPL,images/SE-3015.jpg,A07
SE-3016,Brass Hardware,Brass Door Knockers,Door Knocker Georgian,200mm,Brass Polished Lacquered,BPL,images/SE-3016.jpg,A07
SE-3007,Brass Hardware,Brass Door Knockers,Door Knocker Victorian,210mm,Brass Polished Lacquered,BPL,images/SE-3007.jpg,A07
SE-3008,Brass Hardware,Brass Door Knockers,Door Knocker,165mm,Brass Polished Lacquered,BPL,images/SE-3008.jpg,A07
SE-3009,Brass Hardware,Brass Door Knockers,Door Knocker,190mm,Brass Polished Lacquered,BPL,images/SE-3009.jpg,A07
SE-4002,Brass Hardware,Brass Tower Bolts,Tower Bolt Bronze,50mm,Florantine,,images/SE-4002.jpg,A08
SE-4003,Brass Hardware,Brass Tower Bolts,Tower Bolt,100mm,Brass Polished Lacquered,BPL,images/SE-4003.jpg,A08
SE-4004,Brass Hardware,Brass Tower Bolts,Tower Bolt oval Knob,100mm,Brass Polished Lacquered,BPL,images/SE-4004.jpg,A08
SE-4005,Brass Hardware,Brass Tower Bolts,Tower Bolt oval Knob,150mm,Brass Polished Lacquered,BPL,images/SE-4005.jpg,A08
SE-4018,Brass Hardware,Brass Tower Bolts,Tower Bolt,100mm,Satin Chrome Plated,SCP,images/SE-4018.jpg,A08
SE-4019,Brass Hardware,Brass Tower Bolts,Tower Bolt,152mm,Brass Polished Lacquered,BPL,images/SE-4019.jpg,A08
SE-4016,Brass Hardware,Brass Tower Bolts,Tower Bolt,76mm,Brass Polished Lacquered,BPL,images/SE-4016.jpg,A08
SE-4017,Brass Hardware,Brass Tower Bolts,Tower Bolt,76mm,Brass Polished Lacquered,BPL,images/SE-4017.jpg,A08
SE-4001,Brass Hardware,Brass Tower Bolts,Tower Bolt,100mm,Florantine Bronze,,images/SE-4001.jpg,A08
SE-4015,Brass Hardware,Brass Tower Bolts,Tower Bolt,150mm,Brass Polished Lacquered,BPL,images/SE-4015.jpg,A08
SE-4006,Brass Hardware,Brass Tower Bolts,Tower Bolt,50mm Rod 06mm,Satin Chrome Plated,SCP,images/SE-4006.jpg,A08
SE-4007,Brass Hardware,Brass Tower Bolts,Tower Bolt,76mm Rod 06mm,Brass Polished Lacquered,BPL,images/SE-4007.jpg,A08
SE-4008,Brass Hardware,Brass Tower Bolts,Tower Bolt,100mm Rod 06mm,Antique Brass,,images/SE-4008.jpg,A08
SE-4009,Brass Hardware,Brass Tower Bolts,Tower Bolt,190mm×42mm,Gold Polished Lacquered,GPL,images/SE-4009.jpg,A08
SE-4021,Brass Hardware,Brass Tower Bolts,Tower Bolt Naked,100mm,Satin Chrome Plated,SCP,images/SE-4021.jpg,A08
SE-4022,Brass Hardware,Brass Tower Bolts,Tower Bolt Naked,100mm,Brass Polished Lacquered,BPL,images/SE-4022.jpg,A08
SE-4023,Brass Hardware,Brass Tower Bolts,Tower Bolt Naked,152mm,Brass Polished Lacquered,BPL,images/SE-4023.jpg,A08
SE-4020,Brass Hardware,Brass Tower Bolts,Tower Bolt Naked,100mm,Antique Brass,,images/SE-4020.jpg,A08
SE-4010,Brass Hardware,Brass Tower Bolts,Tower Bolt,50mm Rod 09mm,Brass Polished Lacquered,BPL,images/SE-4010.jpg,A08
SE-4011,Brass Hardware,Brass Tower Bolts,Tower Bolt,76mm Rod 09mm,Brass Polished Lacquered,BPL,images/SE-4011.jpg,A08
SE-4012,Brass Hardware,Brass Tower Bolts,Tower Bolt,152mm Rod 9mm,Satin Chrome Plated,SCP,images/SE-4012.jpg,A08
SE-4013,Brass Hardware,Brass Tower Bolts,Tower Bolt,152mm,Brass Polished Lacquered,BPL,images/SE-4013.jpg,A08
SE-4026,Brass Hardware,Brass Tower Bolts,Tower Bolt,76mm,Brass Polished Lacquered,BPL,images/SE-4026.jpg,A08
SE-4027,Brass Hardware,Brass Tower Bolts,Tower Bolt,100mm,Brass Polished Lacquered,BPL,images/SE-4027.jpg,A08
SE-4028,Brass Hardware,Brass Tower Bolts,Tower Bolt,152mm,Brass Polished Lacquered,BPL,images/SE-4028.jpg,A08
SE-4014,Brass Hardware,Brass Tower Bolts,Flush Bolt,152mm,Brass Polished Lacquered,BPL,images/SE-4014.jpg,A08
SE-4024,Brass Hardware,Brass Tower Bolts,Tower Bolt,100mm,Satin Chrome Plated,SCP,images/SE-4024.jpg,A08
SE-4025,Brass Hardware,Brass Tower Bolts,Tower Bolt Naked,50mm,Satin Chrome Plated,SCP,images/SE-4025.jpg,A08
SE-5001,Brass Hardware,Brass Casement Stays,Casement Stay,250mm,Brass Polished Lacquered,BPL,images/SE-5001.jpg,A09
SE-5002,Brass Hardware,Brass Casement Stays,Casement Stay Sliding,250mm,Brass Polished Lacquered,BPL,images/SE-5002.jpg,A09
SE-5015,Brass Hardware,Brass Casement Stays,Cabin Hook,75mm,Brass Polished Lacquered,BPL,images/SE-5015.jpg,A09
SE-5016,Brass Hardware,Brass Casement Stays,Cabin Hook,100mm,Brass Polished Lacquered,BPL,images/SE-5016.jpg,A09
SE-5003,Brass Hardware,Brass Casement Stays,Casement Stay,200mm，250mm，300mm,Brass Polished Lacquered,BPL,images/SE-5003.jpg,A09
SE-5004,Brass Hardware,Brass Casement Stays,Casement Stay Georgian,250mm，300mm,Brass Polished Lacquered,BPL,images/SE-5004.jpg,A09
SE-5017,Brass Hardware,Brass Casement Stays,Cabin Hook,75mm,Brass Polished Lacquered,BPL,images/SE-5017.jpg,A09
SE-5018,Brass Hardware,Brass Casement Stays,Cabin Hook,100mm,Brass Polished Lacquered,BPL,images/SE-5018.jpg,A09
SE-5005,Brass Hardware,Brass Casement Stays,Casement Stay,,Brass Polished Lacquered,BPL,images/SE-5005.jpg,A09
SE-5006,Brass Hardware,Brass Casement Stays,Casement Stay Telescopic,,Brass Polished Lacquered,BPL,images/SE-5006.jpg,A09
SE-5019,Brass Hardware,Brass Casement Stays,Cabin Hook,100mm,Satin Chrome Plated,SCP,images/SE-5019.jpg,A09
SE-5020,Brass Hardware,Brass Casement Stays,Cabin Hook,150mm,Brass Polished Lacquered,BPL,images/SE-5020.jpg,A09
SE-5007,Brass Hardware,Brass Casement Stays,Casement Stay Tear Drop,250mm,Brass Polished Lacquered,BPL,images/SE-5007.jpg,A09
SE-5008,Brass Hardware,Brass Casement Stays,Casement Stay Tear Drop,300mm,Brass Polished Lacquered,BPL,images/SE-5008.jpg,A09
SE-5021,Brass Hardware,Brass Casement Stays,Cabin Hook,100mm,Brass Polished Lacquered,BPL,images/SE-5021.jpg,A09
SE-5022,Brass Hardware,Brass Casement Stays,Cabin Hook,200mm,Brass Polished Lacquered,BPL,images/SE-5022.jpg,A09
SE-5009,Brass Hardware,Brass Casement Stays,Casement Stay,200mm,Brass Polished Lacquered,BPL,images/SE-5009.jpg,A09
SE-5010,Brass Hardware,Brass Casement Stays,Casement Stay,300mm,Brass Polished Lacquered,BPL,images/SE-5010.jpg,A09
SE-5023,Brass Hardware,Brass Casement Stays,Cabin Hook,150mm,Brass Polished Lacquered,BPL,images/SE-5023.jpg,A09
SE-5024,Brass Hardware,Brass Casement Stays,Cabin Hook,200mm,Brass Polished Lacquered,BPL,images/SE-5024.jpg,A09
SE-5011,Brass Hardware,Brass Casement Stays,Casement Stay Victorian,200mm，250mm.300mm,Brass Polished Lacquered,BPL,images/SE-5011.jpg,A09
SE-5012,Brass Hardware,Brass Casement Stays,Casement Stay Reeded,"200mm，250mm,",Brass Polished Lacquered,BPL,images/SE-5012.jpg,A09
SE-5025,Brass Hardware,Brass Casement Stays,Cabin Hook,75mm,Brass Polished Lacquered,BPL,images/SE-5025.jpg,A09
SE-5026,Brass Hardware,Brass Casement Stays,Cabin Hook,150mm,Brass Polished Lacquered,BPL,images/SE-5026.jpg,A09
SE-5013,Brass Hardware,Brass Casement Stays,Casement Stay,"150mm,200mm",Brass Polished Lacquered,BPL,images/SE-5013.jpg,A09
SE-5014,Brass Hardware,Brass Casement Stays,Casement Stay,,Brass Polished Lacquered,BPL,images/SE-5014.jpg,A09
SE-5027,Brass Hardware,Brass Casement Stays,Cabin Hook,200mm,Brass Polished Lacquered,BPL,images/SE-5027.jpg,A09
SE-5029,Brass Hardware,Brass Casement Stays,Hardware,,Brass Polished Lacquered,BPL,images/SE-5029.jpg,A10
SE-5030,Brass Hardware,Brass Casement Stays,Hardware,,Brass Polished Lacquered,BPL,images/SE-5030.jpg,A10
SE-5028,Brass Hardware,Brass Casement Stays,Hardware,,Brass Polished Lacquered,BPL,images/SE-5028.jpg,A10
SE-5037,Brass Hardware,Brass Casement Fasteners,Casement Fastener Reeded,,Brass Polished Lacquered,BPL,images/SE-5037.jpg,A10
SE-5038,Brass Hardware,Brass Casement Fasteners,Casement Fastener Georgian,,Brass Polished Lacquered,BPL,images/SE-5038.jpg,A10
SE-5039,Brass Hardware,Brass Casement Fasteners,Casement Fastener Regency,,Brass Polished Lacquered,BPL,images/SE-5039.jpg,A10
SE-5031,Brass Hardware,Brass Casement Stays,Hardware,,Brass Polished Lacquered,BPL,images/SE-5031.jpg,A10
SE-5032,Brass Hardware,Brass Casement Stays,Sash Fastener with Porcelain Knob,,Brass Polished Lacquered,BPL,images/SE-5032.jpg,A10
SE-5033,Brass Hardware,Brass Casement Fasteners,Sash Fastener with Porcelain Knob,,Brass Polished Lacquered,BPL,images/SE-5033.jpg,A10
SE-5040,Brass Hardware,Brass Casement Fasteners,Georgian Casement Fastener Wedge,,,,images/SE-5040.jpg,A10
SE-5041,Brass Hardware,Brass Casement Fasteners,Fanlight Catch,,Brass Polished Lacquered,BPL,images/SE-5041.jpg,A10
SE-5042,Brass Hardware,Brass Casement Fasteners,Brighton Fastener,,Brass Polished Lacquered,BPL,images/SE-5042.jpg,A10
SE-5043,Brass Hardware,Brass Casement Fasteners,Casement Fastener,,Brass Polished Lacquered,BPL,images/SE-5043.jpg,A10
SE-5034,Brass Hardware,Brass Casement Fasteners,Hardware,,Satin Chrome Plated,SCP,images/SE-5034.jpg,A10
SE-5044,Brass Hardware,Brass Casement Fasteners,Table Fork,,Brass Polished Lacquered,BPL,images/SE-5044.jpg,A10
SE-5045,Brass Hardware,Brass Casement Fasteners,Auto door Stop/Holder,,Brass Polished Lacquered,BPL,images/SE-5045.jpg,A10
SE-5046,Brass Hardware,Brass Casement Fasteners,Georgian Casement Fastener,,Brass Polished Lacquered,BPL,images/SE-5046.jpg,A10
SE-5047,Brass Hardware,Brass Casement Fasteners,Sash Fastener,,Brass Polished Lacquered,BPL,images/SE-5047.jpg,A10
SE-5035,Brass Hardware,Brass Casement Fasteners,Hardware,,Satin Chrome Plated,SCP,images/SE-5035.jpg,A10
SE-5036,Brass Hardware,Brass Casement Fasteners,Tear Drop Fastener,,Satin Chrome Plated,SCP,images/SE-5036.jpg,A10
SE-6002,Brass Hardware,Brass Cabinet Fittings,Cabinet Handle,,Brass Polished Lacquered,BPL,images/SE-6002.jpg,A11
SE-6003,Brass Hardware,Brass Cabinet Fittings,Cabinet Handle,,Antique Brass,,images/SE-6003.jpg,A11
SE-6004,Brass Hardware,Brass Cabinet Fittings,Cabinet Handle,,Brass Polished Lacquered,BPL,images/SE-6004.jpg,A11
SE-7002,Brass Hardware,Brass Escutcheons,Escutcheon Reeded,25mm,Brass Polished Lacquered,BPL,images/SE-7002.jpg,A11
SE-7003,Brass Hardware,Brass Escutcheons,Euro Escutcheon,050mm,Brass Polished Lacquered,BPL,images/SE-7003.jpg,A11
SE-7004,Brass Hardware,Brass Escutcheons,Escutcheon Artistic,81mm,Brass Polished Lacquered,BPL,images/SE-7004.jpg,A11
SE-6001,Brass Hardware,Brass Cabinet Fittings,Cabinet Handle,,Antique Brass,,images/SE-6001.jpg,A11
SE-7001,Brass Hardware,Brass Escutcheons,Escutcheon Covered,40mm,Brass Polished Lacquered,BPL,images/SE-7001.jpg,A11
SE-6005,Brass Hardware,Brass Cabinet Fittings,Cabinet Handle,,Brass Polished Lacquered,BPL,images/SE-6005.jpg,A11
SE-6006,Brass Hardware,Brass Cabinet Fittings,Cabinet Handle,,Antique Brass,,images/SE-6006.jpg,A11
SE-7005,Brass Hardware,Brass Escutcheons,Euro Escutcheon Concealed,52mm,Brass Polished Lacquered,BPL,images/SE-7005.jpg,A11
SE-6007,Brass Hardware,Brass Cabinet Fittings,Cabinet Handle,,Brass Polished Lacquered,BPL,images/SE-6007.jpg,A11
SE-7006,Brass Hardware,Brass Escutcheons,Euro Escutcheon Concealed,50mm,Brass Polished Lacquered,BPL,images/SE-7006.jpg,A11
SE-7007,Brass Hardware,Brass Escutcheons,Euro Escutcheon Concealed,50mm,Brass Polished Lacquered,BPL,images/SE-7007.jpg,A11
SE-7008,Brass Hardware,Brass Escutcheons,Escutcheon Oval,45mm,Brass Polished Lacquered,BPL,images/SE-7008.jpg,A11
SE-7009,Brass Hardware,Brass Escutcheons,Euro Escutcheon Concealed,55mm×55mm,Satin Chrome Plated,SCP,images/SE-7009.jpg,A11
SE-7010,Brass Hardware,Brass Escutcheons,Euro Escutcheon Concealed,50mm0,Brass Polished Lacquered,BPL,images/SE-7010.jpg,A11
SE-7011,Brass Hardware,Brass Escutcheons,Round Covered Escutcheon,32mm0,Brass Polished Lacquered,BPL,images/SE-7011.jpg,A11
SE-6008,Brass Hardware,Brass Cabinet Fittings,Cabinet Handle,,Brass Polished Lacquered,BPL,images/SE-6008.jpg,A11
SE-6009,Brass Hardware,Brass Cabinet Fittings,Cabinet Handle,,Brass Polished Lacquered,BPL,images/SE-6009.jpg,A11
SE-6010,Brass Hardware,Brass Cabinet Fittings,Cabinet Handle,,Brass Polished Lacquered,BPL,images/SE-6010.jpg,A11
SE-6011,Brass Hardware,Brass Cabinet Fittings,Drop Handle,,Antique Brass,,images/SE-6011.jpg,A11
SE-7012,Brass Hardware,Brass Escutcheons,Escutcheon,,Antique Brass,,images/SE-7012.jpg,A11
SE-7013,Brass Hardware,Brass Escutcheons,Escutcheon,,Antique Brass,,images/SE-7013.jpg,A11
SE-7014,Brass Hardware,Brass Escutcheons,Round Covered Escutcheon Georgian,32mm0,Brass Polished Lacquered,BPL,images/SE-7014.jpg,A11
SE-7015,Brass Hardware,Brass Escutcheons,Escutcheon Oval Covered,38mm,Brass Polished Lacquered,BPL,images/SE-7015.jpg,A11
SE-6012,Brass Hardware,Brass Cabinet Fittings,Drop Handle,,Brass Polished Lacquered,BPL,images/SE-6012.jpg,A11
SE-6013,Brass Hardware,Brass Cabinet Fittings,Drop Handle,,Antique Brass,,images/SE-6013.jpg,A11
SE-6014,Brass Hardware,Brass Cabinet Fittings,Drop Handle,,Brass Polished Lacquered,BPL,images/SE-6014.jpg,A11
SE-6015,Brass Hardware,Brass Cabinet Fittings,Drop Handle,,Brass Polished Lacquered,BPL,images/SE-6015.jpg,A11
SE-8002,Brass Hardware,Brass Drawer Pulls,Drawer Pulls,,Brass Polished Lacquered,BPL,images/SE-8002.jpg,A12
SE-9002,Brass Hardware,Brass Flush Pulls & Rings,Flush Pull,100mm X55mm,Brass Polished Lacquered,BPL,images/SE-9002.jpg,A12
SE-8001,Brass Hardware,Brass Drawer Pulls,Drawer Pulls,,Antique Brass,,images/SE-8001.jpg,A12
SE-9001,Brass Hardware,Brass Flush Pulls & Rings,Chest Handle,90mm X50mm,Brass Polished Lacquered,BPL,images/SE-9001.jpg,A12
SE-8003,Brass Hardware,Brass Drawer Pulls,Drawer Pulls,,Brass Polished Lacquered,BPL,images/SE-8003.jpg,A12
SE-9003,Brass Hardware,Brass Flush Pulls & Rings,Flush Pull,55mm X110mm,Brass Polished Lacquered,BPL,images/SE-9003.jpg,A12
SE-9004,Brass Hardware,Brass Flush Pulls & Rings,Flush Pull,75mm X25mm,Satin Chrome Plated,SCP,images/SE-9004.jpg,A12
SE-9005,Brass Hardware,Brass Flush Pulls & Rings,Flush Pull,137mm X32mm,Brass Polished Lacquered,BPL,images/SE-9005.jpg,A12
SE-8004,Brass Hardware,Brass Drawer Pulls,Drawer Pulls,,Satin Chrome Plated,SCP,images/SE-8004.jpg,A12
SE-8005,Brass Hardware,Brass Drawer Pulls,Drawer Pulls,,Satin Chrome Plated,SCP,images/SE-8005.jpg,A12
SE-9006,Brass Hardware,Brass Flush Pulls & Rings,Flush Pull,125mm X47mm,Brass Polished Lacquered,BPL,images/SE-9006.jpg,A12
SE-9007,Brass Hardware,Brass Flush Pulls & Rings,Flush Pull,80mm,Brass Polished Lacquered,BPL,images/SE-9007.jpg,A12
SE-9008,Brass Hardware,Brass Flush Pulls & Rings,Chest Handle,78mm X50mm,Brass Polished Lacquered,BPL,images/SE-9008.jpg,A12
SE-8006,Brass Hardware,Brass Drawer Pulls,Drawer Pulls,,Patina,,images/SE-8006.jpg,A12
SE-8007,Brass Hardware,Brass Drawer Pulls,Drawer Pulls,,Patina,,images/SE-8007.jpg,A12
SE-8008,Brass Hardware,Brass Drawer Pulls,Drawer Pulls,,Antique Brass,,images/SE-8008.jpg,A12
SE-9009,Brass Hardware,Brass Flush Pulls & Rings,Flush Pull,45mm X85mm,Brass Polished Lacquered,BPL,images/SE-9009.jpg,A12
SE-9010,Brass Hardware,Brass Flush Pulls & Rings,Flush Ring,,Brass Polished Lacquered,BPL,images/SE-9010.jpg,A12
SE-9011,Brass Hardware,Brass Flush Pulls & Rings,Flush Ring,57mm X44mm,Brass Polished Lacquered,BPL,images/SE-9011.jpg,A12
SE-8009,Brass Hardware,Brass Drawer Pulls,Drawer Pulls,,Antique Brass,,images/SE-8009.jpg,A12
SE-8010,Brass Hardware,Brass Drawer Pulls,Drawer Pulls,,Antique Brass,,images/SE-8010.jpg,A12
SE-8011,Brass Hardware,Brass Drawer Pulls,Drawer Pulls,,Brass Polished Lacquered,BPL,images/SE-8011.jpg,A12
SE-10013,Brass Hardware,Brass Pull Handles,Pull Handle,225mm,Brass Polished Lacquered,BPL,images/SE-10013.jpg,A13
SE-10014,Brass Hardware,Brass Pull Handles,Pull Handle,225mm,Brass Polished Lacquered,BPL,images/SE-10014.jpg,A13
SE-10015,Brass Hardware,Brass Pull Handles,Pull Handle,270mm X50mm,Brass Polished Lacquered,BPL,images/SE-10015.jpg,A13
SE-10002,Brass Hardware,Brass Cabinet Handles,Pull Handle,200mm,Brass Polished Lacquered,BPL,images/SE-10002.jpg,A13
SE-10003,Brass Hardware,Brass Cabinet Handles,Offset'D'Handle,115mm,Satin Chrome Plated,SCP,images/SE-10003.jpg,A13
SE-10004,Brass Hardware,Brass Cabinet Handles,Pull Handle,100mm,Brass Polished Lacquered,BPL,images/SE-10004.jpg,A13
SE-10012,Brass Hardware,Brass Pull Handles,Pull Handle,187mm X45mm,Brass Polished Lacquered,BPL,images/SE-10012.jpg,A13
SE-10001,Brass Hardware,Brass Cabinet Handles,Pull Handle,225mm,Brass Polished Lacquered,BPL,images/SE-10001.jpg,A13
SE-10016,Brass Hardware,Brass Pull Handles,Bow Handle Georgian,225mm,Brass Polished Lacquered,BPL,images/SE-10016.jpg,A13
SE-10017,Brass Hardware,Brass Pull Handles,Bow Handle Georgian,152mm,Brass Polished Lacquered,BPL,images/SE-10017.jpg,A13
SE-10018,Brass Hardware,Brass Pull Handles,Bow Handle Victorian,152mm,Brass Polished Lacquered,BPL,images/SE-10018.jpg,A13
SE-10005,Brass Hardware,Brass Cabinet Handles,Pull Handle With Plate,140mm X24mm,Patina,,images/SE-10005.jpg,A13
SE-10006,Brass Hardware,Brass Cabinet Handles,Pull Handle With Plate,140mm X24mm,Black Patina,,images/SE-10006.jpg,A13
SE-10007,Brass Hardware,Brass Cabinet Handles,Pull Handle,72mm Cc,Satin,,images/SE-10007.jpg,A13
SE-10008,Brass Hardware,Brass Cabinet Handles,Pull Handle,92mm,Brass Polished Lacquered,BPL,images/SE-10008.jpg,A13
SE-10009,Brass Hardware,Brass Cabinet Handles,Pull Handle,105mm,Silver Gold,,images/SE-10009.jpg,A13
SE-10010,Brass Hardware,Brass Cabinet Handles,Cylinder Pull Victorian,,Brass Polished Lacquered,BPL,images/SE-10010.jpg,A13
SE-10019,Brass Hardware,Brass Pull Handles,Pull Handle,225mm,Brass Polished Lacquered,BPL,images/SE-10019.jpg,A13
SE-10011,Brass Hardware,Brass Cabinet Handles,Cylinder Pull Georgian,,Brass Polished Lacquered,BPL,images/SE-10011.jpg,A13
SE-10020,Brass Hardware,Brass Pull Handles,Pull Handle,225mm,Brass Polished Lacquered,BPL,images/SE-10020.jpg,A13
SE-10021,Brass Hardware,Brass Pull Handles,Pull Handle,200mm,Brass Polished Lacquered,BPL,images/SE-10021.jpg,A13
SE-10022,Brass Hardware,Brass Pull Handles,Pull Handle,230mm,Brass Polished Lacquered,BPL,images/SE-10022.jpg,A13
SE-11018,Brass Hardware,Brass Hooks,Ceramic Single Hook,,Artistic,,images/SE-11018.jpg,A14
SE-11019,Brass Hardware,Brass Hooks,Picture Hook,,Brass Polished Lacquered,BPL,images/SE-11019.jpg,A14
SE-11020,Brass Hardware,Brass Hooks,Picture Hook,,Brass Polished Lacquered,BPL,images/SE-11020.jpg,A14
SE-11002,Brass Hardware,Brass Hooks,Single Hook,,Brass Polished Lacquered,BPL,images/SE-11002.jpg,A14
SE-11003,Brass Hardware,Brass Hooks,Hook,,Brass Polished Lacquered,BPL,images/SE-11003.jpg,A14
SE-11004,Brass Hardware,Brass Hooks,Pole Hook,,Brass Polished Lacquered,BPL,images/SE-11004.jpg,A14
SE-110017,Candle Stands,Brass Hooks,Ceramic Triple Hook,,Artistic,,images/SE-110017.jpg,A14
SE-11023,Brass Hardware,Brass Hooks,Double Hook,,Brass Polished Lacquered,BPL,images/SE-11023.jpg,A14
SE-11024,Brass Hardware,Brass Hooks,Single Hook,,Brass Polished Lacquered,BPL,images/SE-11024.jpg,A14
SE-11025,Brass Hardware,Brass Hooks,Single Hook,,Brass Polished Lacquered,BPL,images/SE-11025.jpg,A14
SE-11021,Brass Hardware,Brass Hooks,Single Hook,,Chrome Plated,CP,images/SE-11021.jpg,A14
SE-11022,Brass Hardware,Brass Hooks,Single Hook,,Brass Polished Lacquered,BPL,images/SE-11022.jpg,A14
SE-11005,Brass Hardware,Brass Hooks,Coat&Hat Hook,,Satin Chrome Plated,SCP,images/SE-11005.jpg,A14
SE-11007,Brass Hardware,Brass Hooks,Coat&Hat Hook,,Brass Polished Lacquered,BPL,images/SE-11007.jpg,A14
SE-11006,Brass Hardware,Brass Hooks,Coat&Hat Hook,,Chrome Plated,CP,images/SE-11006.jpg,A14
SE-11001,Brass Hardware,Brass Hooks,Coat&Hat Hook,,Satin Chrome Plated,SCP,images/SE-11001.jpg,A14
SE-11008,Brass Hardware,Brass Hooks,Doule Hook,,Brass Polished Lacquered,BPL,images/SE-11008.jpg,A14
SE-11009,Brass Hardware,Brass Hooks,Doule Hook Georgian,,Brass Polished Lacquered,BPL,images/SE-11009.jpg,A14
SE-11010,Brass Hardware,Brass Hooks,Coat&Hat Hook,,Brass Polished Lacquered,BPL,images/SE-11010.jpg,A14
SE-11011,Brass Hardware,Brass Hooks,Triple Hook,,Satin Chrome Plated,SCP,images/SE-11011.jpg,A14
SE-11012,Brass Hardware,Brass Hooks,Coat&Hat Hook,,Brass Polished Lacquered,BPL,images/SE-11012.jpg,A14
SE-11029,Brass Hardware,Brass Hooks,Cleet Hook,,Brass Polished Lacquered,BPL,images/SE-11029.jpg,A14
SE-11030,Brass Hardware,Brass Hooks,Single Hook,,Brass Polished Lacquered,BPL,images/SE-11030.jpg,A14
SE-11026,Brass Hardware,Brass Hooks,Coat&Hat Hook,,Brass Polished Lacquered,BPL,images/SE-11026.jpg,A14
SE-11027,Brass Hardware,Brass Hooks,Coat&Hat Hook,,Brass Polished Lacquered,BPL,images/SE-11027.jpg,A14
SE-11028,Brass Hardware,Brass Hooks,Coat&Hat Hook,,Brass Polished Lacquered,BPL,images/SE-11028.jpg,A14
SE-11033,Brass Hardware,Brass Hooks,Artistic Hook,,Antique Brass,,images/SE-11033.jpg,A14
SE-11034,Brass Hardware,Brass Hooks,Artistic Hook,,Antique Brass,,images/SE-11034.jpg,A14
SE-11035,Brass Hardware,Brass Hooks,Artistic Hook,,Antique Brass,,images/SE-11035.jpg,A14
SE-11013,Brass Hardware,Brass Hooks,Coat&Hat Hook,,Brass Polished Lacquered,BPL,images/SE-11013.jpg,A14
SE-11031,Brass Hardware,Brass Hooks,Artistic Hook,,Antique Brass,,images/SE-11031.jpg,A14
SE-11032,Brass Hardware,Brass Hooks,Artistic Hook,,Antique Brass,,images/SE-11032.jpg,A14
SE-11014,Brass Hardware,Brass Hooks,Coat&Hat Hook,,Brass Polished Lacquered,BPL,images/SE-11014.jpg,A14
SE-11015,Brass Hardware,Brass Hooks,Triple Hook,,Brass Polished Lacquered,BPL,images/SE-11015.jpg,A14
SE-11016,Brass Hardware,Brass Hooks,Coat&Hat Hook,,Brass Polished Lacquered,BPL,images/SE-11016.jpg,A14
SE-11017,Brass Hardware,Brass Hooks,Single Hook,,Brass Polished Lacquered,BPL,images/SE-11017.jpg,A14
SE-11037,Brass Hardware,Brass Curtain Holds & Tie Backs,Curtain Hook,,Brass Polished Lacquered,BPL,images/SE-11037.jpg,A15
SE-11038,Brass Hardware,Brass Curtain Holds & Tie Backs,Curtain Hook,,Brass Polished Lacquered,BPL,images/SE-11038.jpg,A15
SE-11039,Brass Hardware,Brass Curtain Holds & Tie Backs,Curtain Hook,,Brass Polished Lacquered,BPL,images/SE-11039.jpg,A15
SE-12003,Brass Hardware,Brass Sash Lifts & Sash Eyes,Sash Eye,,Brass Polished Lacquered,BPL,images/SE-12003.jpg,A15
SE-12004,Brass Hardware,Brass Sash Lifts & Sash Eyes,Sash Lift Georgian,,Brass Polished Lacquered,BPL,images/SE-12004.jpg,A15
SE-11036,Brass Hardware,Brass Curtain Holds & Tie Backs,Curtain Hook,,Brass Polished Lacquered,BPL,images/SE-11036.jpg,A15
SE-11040,Brass Hardware,Brass Curtain Holds & Tie Backs,Curtain Hook,,Satin Chrome Plated,SCP,images/SE-11040.jpg,A15
SE-11041,Brass Hardware,Brass Curtain Holds & Tie Backs,Curtain Hook,,Brass Polished Lacquered,BPL,images/SE-11041.jpg,A15
SE-11042,Brass Hardware,Brass Curtain Holds & Tie Backs,Curtain Hook,,Brass Polished Lacquered,BPL,images/SE-11042.jpg,A15
SE-11043,Brass Hardware,Brass Curtain Holds & Tie Backs,Curtain Hook,,Antique Brass,,images/SE-11043.jpg,A15
SE-12002,Brass Hardware,Brass Sash Lifts & Sash Eyes,Sash Lift Leaf,,Brass Polished Lacquered,BPL,images/SE-12002.jpg,A15
SE-12005,Brass Hardware,Brass Sash Lifts & Sash Eyes,Sash Lift Victorian,,Brass Polished Lacquered,BPL,images/SE-12005.jpg,A15
SE-12006,Brass Hardware,Brass Sash Lifts & Sash Eyes,Sash Lift Artistic,,Brass Polished Lacquered,BPL,images/SE-12006.jpg,A15
SE-11044,Brass Hardware,Brass Curtain Holds & Tie Backs,Curtain Hook,,Brass Polished Lacquered,BPL,images/SE-11044.jpg,A15
SE-11045,Brass Hardware,Brass Curtain Holds & Tie Backs,Curtain Hook,,Brass Polished Lacquered,BPL,images/SE-11045.jpg,A15
SE-11046,Brass Hardware,Brass Curtain Holds & Tie Backs,Curtain Hook,,Brass Polished Lacquered,BPL,images/SE-11046.jpg,A15
SE-11047,Brass Hardware,Brass Curtain Holds & Tie Backs,Curtain Hook,,Brass Polished Lacquered,BPL,images/SE-11047.jpg,A15
SE-12008,Brass Hardware,Brass Sash Lifts & Sash Eyes,Sash Eye,,Brass Polished Lacquered,BPL,images/SE-12008.jpg,A15
SE-11048,Brass Hardware,Brass Curtain Holds & Tie Backs,Curtain Hook,,Brass Polished Lacquered,BPL,images/SE-11048.jpg,A15
SE-12007,Brass Hardware,Brass Sash Lifts & Sash Eyes,Sash Eye,,Brass Polished Lacquered,BPL,images/SE-12007.jpg,A15
SE-11049,Brass Hardware,Brass Curtain Holds & Tie Backs,Curtain Hold Back,,Brass Polished Lacquered,BPL,images/SE-11049.jpg,A15
SE-12010,Brass Hardware,Brass Sash Lifts & Sash Eyes,Sash Eye,,Satin Chrome Plated,SCP,images/SE-12010.jpg,A15
SE-11050,Brass Hardware,Brass Curtain Holds & Tie Backs,Curtain Hold Back,,Brass Polished Lacquered,BPL,images/SE-11050.jpg,A15
SE-11051,Brass Hardware,Brass Curtain Holds & Tie Backs,Curtain Hold Back,,Brass Polished Lacquered,BPL,images/SE-11051.jpg,A15
SE-11052,Brass Hardware,Brass Curtain Holds & Tie Backs,Curtain Hold Back,,Satin Chrome Plated,SCP,images/SE-11052.jpg,A15
SE-12009,Brass Hardware,Brass Sash Lifts & Sash Eyes,Sash Eye,,Brass Polished Lacquered,BPL,images/SE-12009.jpg,A15
SE-11053,Brass Hardware,Brass Curtain Holds & Tie Backs,Curtain Hold Back,,Brass Polished Lacquered,BPL,images/SE-11053.jpg,A15
SE-14001,Brass Hardware,Brass Gate Latches,Privacy Adaptor,35mm,Chrome Plated,CP,images/SE-14001.jpg,A16
SE-14002,Brass Hardware,Brass Gate Latches,Privacy Adaptor,52mm,Chrome Plated,CP,images/SE-14002.jpg,A16
SE-13002,Brass Hardware,Brass Door Stoppers,Door Stopper Magnetic,,Satin Chrome Plated,SCP,images/SE-13002.jpg,A16
SE-13003,Brass Hardware,Brass Door Stoppers,Door Stopper,,Brass Polished Lacquered,BPL,images/SE-13003.jpg,A16
SE-14003,Brass Hardware,Brass Gate Latches,Flush Door Furniture,73mm X73mm,Brass Polished Lacquered,BPL,images/SE-14003.jpg,A16
SE-14004,Brass Hardware,Brass Gate Latches,Gate Latch,,Brass Polished Lacquered,BPL,images/SE-14004.jpg,A16
SE-13001,Brass Hardware,Brass Door Stoppers,Door Stopper Magnetic,,Gold,,images/SE-13001.jpg,A16
SE-13004,Brass Hardware,Brass Door Stoppers,Door Stopper,,Brass Polished Lacquered,BPL,images/SE-13004.jpg,A16
SE-13005,Brass Hardware,Brass Door Stoppers,Round,,Brass Polished Lacquered,BPL,images/SE-13005.jpg,A16
SE-13006,Brass Hardware,Brass Door Stoppers,Door Stopper Floor Mount,,Brass Polished Lacquered,BPL,images/SE-13006.jpg,A16
SE-14005,Brass Hardware,Brass Gate Latches,Gate Latch,,Brass Polished Lacquered,BPL,images/SE-14005.jpg,A16
SE-13007,Brass Hardware,Brass Door Stoppers,Door Stopper,,Brass Polished Lacquered,BPL,images/SE-13007.jpg,A16
SE-13008,Brass Hardware,Brass Door Stoppers,Door Stopper Skirt Mount,65mm,Brass Polished Lacquered,BPL,images/SE-13008.jpg,A16
SE-13009,Brass Hardware,Brass Door Stoppers,Door Stopper Tube,75mm,Brass Polished Lacquered,BPL,images/SE-13009.jpg,A16
SE-13010,Brass Hardware,Brass Door Stoppers,Door Stopper Concealed,75mm,Satin Chrome Plated,SCP,images/SE-13010.jpg,A16
SE-13011,Brass Hardware,Brass Door Stoppers,Door Stopper Spring Action,,Chrome Plated,CP,images/SE-13011.jpg,A16
SE-14006,Brass Hardware,Brass Gate Latches,Gate Latch,,Brass Polished Lacquered,BPL,images/SE-14006.jpg,A16
SE-16001,Brass Hardware,Brass Letter Plates,Letter Plate Rear,240mm X165mm,Brass Polished Lacquered,BPL,images/SE-16001.jpg,A17
SE-16002,Brass Hardware,Brass Letter Plates,Letter Plate Trinity,278mm X65mm,Satin Chrome Plated,SCP,images/SE-16002.jpg,A17
SE-16003,Brass Hardware,Brass Letter Plates,Letter Plate Georgian,278mm X65mm,Brass Polished Lacquered,BPL,images/SE-16003.jpg,A17
SE-15002,Brass Hardware,Brass Hinges,H-Hinge,50mmx30mm,Brass Polished Lacquered,BPL,images/SE-15002.jpg,A17
SE-15003,Brass Hardware,Brass Hinges,Bearing Hinge,100mmx75mm,Mat Gold,,images/SE-15003.jpg,A17
SE-15004,Brass Hardware,Brass Hinges,Butt Hinge,100mmx66mm,Brass Polished Lacquered,BPL,images/SE-15004.jpg,A17
SE-15001,Brass Hardware,Brass Hinges,Bearing Hinge SS,101mmx75mm,Satin Chrome Plated,SCP,images/SE-15001.jpg,A17
SE-16004,Brass Hardware,Brass Letter Plates,Letter Plate Victorian,254mm X76mm,Brass Polished Lacquered,BPL,images/SE-16004.jpg,A17
SE-16005,Brass Hardware,Brass Letter Plates,Letter Plate Georgian,254mm X76mm,Brass Polished Lacquered,BPL,images/SE-16005.jpg,A17
SE-15005,Brass Hardware,Brass Hinges,Railway Hinge,100mmx75mm,Brass Polished Lacquered,BPL,images/SE-15005.jpg,A17
SE-15006,Brass Hardware,Brass Hinges,Butt Bearing Hinge,102mmx75mm,Brass Polished Lacquered,BPL,images/SE-15006.jpg,A17
SE-15007,Brass Hardware,Brass Hinges,Snake Hinge,L-75mm,Brass Polished Lacquered,BPL,images/SE-15007.jpg,A17
SE-15008,Brass Hardware,Brass Hinges,Butt Hinge,100mmx67mm,Brass Polished Lacquered,BPL,images/SE-15008.jpg,A17
SE-16006,Brass Hardware,Brass Letter Plates,Postal Knocker Georgian,254mm X76mm,Brass Polished Lacquered,BPL,images/SE-16006.jpg,A17
SE-16007,Brass Hardware,Brass Letter Plates,Postal Knocker Victorian,254mm X76mm,Brass Polished Lacquered,BPL,images/SE-16007.jpg,A17
SE-15009,Brass Hardware,Brass Hinges,Hinge,,,,images/SE-15009.jpg,A17
SE-15010,Brass Hardware,Brass Hinges,Butt Hinge,100mmx176mm,Brass Polished Lacquered,BPL,images/SE-15010.jpg,A17
SE-15011,Brass Hardware,Brass Hinges,Butt Hinge,152mmx203mm,Brass Polished Lacquered,BPL,images/SE-15011.jpg,A17
SE-16008,Brass Hardware,Brass Letter Plates,Letter Plate Gravity,254mm X76mm,Brass Polished Lacquered,BPL,images/SE-16008.jpg,A17
SE-16009,Brass Hardware,Brass Letter Plates,Letter Plate,304mm X100mm,Satin Chrome Plated,SCP,images/SE-16009.jpg,A17
SE-18001,Brass Hardware,Brass Mortice Knobs,Knob,Rose50mm,Brass Polished Lacquered,BPL,images/SE-18001.jpg,A18
SE-18002,Brass Hardware,Brass Mortice Knobs,Milled Edged Mortice Knob,45mm,Brass Polished Lacquered,BPL,images/SE-18002.jpg,A18
SE-17002,Brass Hardware,Brass Newspaper Holders & Finger Plates,News Paper Holder,0165mm,Brass Polished Lacquered,BPL,images/SE-17002.jpg,A18
SE-17001,Brass Hardware,Brass Newspaper Holders & Finger Plates,News Paper Holder,165mm X165mm,Brass Polished Lacquered,BPL,images/SE-17001.jpg,A18
SE-17004,Brass Hardware,Brass Newspaper Holders & Finger Plates,News Paper Holder,0165mm,Brass Polished Lacquered,BPL,images/SE-17004.jpg,A18
SE-17003,Brass Hardware,Brass Newspaper Holders & Finger Plates,News Paper Holder,0165mm,Brass Polished Lacquered,BPL,images/SE-17003.jpg,A18
SE-18003,Brass Hardware,Brass Mortice Knobs,Milled Edged Mortice Knob Cenrte Door Knobs,45mm,Chrome Plated,CP,images/SE-18003.jpg,A18
SE-18004,Brass Hardware,Brass Mortice Knobs,Milled Edged Mortice Knob,45mm,Satin Chrome Plated,SCP,images/SE-18004.jpg,A18
SE-18005,Brass Hardware,Brass Mortice Knobs,Milled Edged Mortice Knob,45mm,Brass Polished Lacquered,BPL,images/SE-18005.jpg,A18
SE-18006,Brass Hardware,Brass Mortice Knobs,Milled Edged Mortice Knob,45mm,Brass Polished Lacquered,BPL,images/SE-18006.jpg,A18
SE-17005,Brass Hardware,Brass Newspaper Holders & Finger Plates,Finger Plate Victorian,254mm X76mm,Brass Polished Lacquered,BPL,images/SE-17005.jpg,A18
SE-17006,Brass Hardware,Brass Newspaper Holders & Finger Plates,Finger Plate Victorian,254mm X76mm,Brass Polished Lacquered,BPL,images/SE-17006.jpg,A18
SE-18007,Brass Hardware,Brass Mortice Knobs,Mortice Knob,45mm,Brass Polished Lacquered,BPL,images/SE-18007.jpg,A18
SE-17007,Brass Hardware,Brass Newspaper Holders & Finger Plates,Newspaper Holders & Finger Plate,300mm X76mm,Brass Polished Lacquered,BPL,images/SE-17007.jpg,A18
SE-18008,Brass Hardware,Brass Mortice Knobs,Centre Door Knob Victorian,Knob65mm，Rose90mm,Satin Chrome Plated,SCP,images/SE-18008.jpg,A18
SE-18009,Brass Hardware,Brass Mortice Knobs,Centre Door Knob Victorian,"Knob62mm,Rose",Chrome Plated,CP,images/SE-18009.jpg,A18
SE-18010,Brass Hardware,Brass Mortice Knobs,Centre Door Knob Georgian,"Knob045mm,Rose080mm",Brass Polished Lacquered,BPL,images/SE-18010.jpg,A18
SE-18012,Brass Hardware,Brass Cabinet Knobs,Knob,32mm,Satin Chrome Plated,SCP,images/SE-18012.jpg,A19
SE-18013,Brass Hardware,Brass Cabinet Knobs,Knob,38mm,Satin Chrome Plated,SCP,images/SE-18013.jpg,A19
SE-19002,Brass Hardware,Brass Drawer Pulls,Bell Push,,Brass Polished Lacquered,BPL,images/SE-19002.jpg,A19
SE-19003,Brass Hardware,Brass Drawer Pulls,Bell Push,,Brass Polished Lacquered,BPL,images/SE-19003.jpg,A19
SE-19004,Brass Hardware,Brass Drawer Pulls,Bell Push,,Brass Polished Lacquered,BPL,images/SE-19004.jpg,A19
SE-18011,Brass Hardware,Brass Cabinet Knobs,Knob,32mm,Power Coated,,images/SE-18011.jpg,A19
SE-19001,Brass Hardware,Brass Drawer Pulls,Bell Push,,Antique Brass,,images/SE-19001.jpg,A19
SE-19005,Brass Hardware,Brass Drawer Pulls,Bell Push,,Brass Polished Lacquered,BPL,images/SE-19005.jpg,A19
SE-19006,Brass Hardware,Brass Drawer Pulls,Bell Push(lron),,Powder Coated,PC,images/SE-19006.jpg,A19
SE-19007,Brass Hardware,Brass Drawer Pulls,Bell Push(lron),,Powder Coated,PC,images/SE-19007.jpg,A19
SE-18014,Brass Hardware,Brass Cabinet Knobs,Victorian Knob,"25mm,32mm, / 38mm,50mm",Brass Polished Lacquered,BPL,images/SE-18014.jpg,A19
SE-18015,Brass Hardware,Brass Cabinet Knobs,Octagonal Knob,25mm,Brass Polished Lacquered,BPL,images/SE-18015.jpg,A19
SE-18016,Brass Hardware,Brass Cabinet Knobs,Octagonal Knob,45mm,Satin Chrome Plated,SCP,images/SE-18016.jpg,A19
SE-18017,Brass Hardware,Brass Cabinet Knobs,Georgian Knob,"25mm,32mm, / 38mm,50mm",Brass Polished Lacquered,BPL,images/SE-18017.jpg,A19
SE-18018,Brass Hardware,Brass Cabinet Knobs,Lobe Knob,"32mm,",Satin Chrome Plated,SCP,images/SE-18018.jpg,A19
SE-18019,Brass Hardware,Brass Cabinet Knobs,Knob,"25mm,32mm，",Brass Polished Lacquered,BPL,images/SE-18019.jpg,A19
SE-18020,Brass Hardware,Brass Cabinet Knobs,Knob-Wooden,52mm Rose060mm,Brass Polished Lacquered,BPL,images/SE-18020.jpg,A19
SE-18021,Brass Hardware,Brass Cabinet Knobs,Knob-Wooden Reeded,52mm Rose060mm,Brass Polished Lacquered,BPL,images/SE-18021.jpg,A19
SE-19008,Brass Hardware,Brass Drawer Pulls,Cormer Bracket,,Brass Polished Lacquered,BPL,images/SE-19008.jpg,A19
SE-19009,Brass Hardware,Brass Drawer Pulls,Cormer Bracket,,Brass Polished Lacquered,BPL,images/SE-19009.jpg,A19
SE-19010,Brass Hardware,Brass Drawer Pulls,Comer Bracket,,Brass Polished Lacquered,BPL,images/SE-19010.jpg,A19
SE-20002,Brass Hardware,Brass Stair Fittings,Brass Finial,,Brass Polished Lacquered,BPL,images/SE-20002.jpg,A20
SE-20003,Brass Hardware,Brass Stair Fittings,Stair Fitting,,Brass Polished Lacquered,BPL,images/SE-20003.jpg,A20
SE-20004,Brass Hardware,Brass Stair Fittings,Stair Rod Bracket,,Brass Polished Lacquered,BPL,images/SE-20004.jpg,A20
SE-20001,Brass Hardware,Brass Stair Fittings,Stair Fitting,76mm,Brass Polished Lacquered,BPL,images/SE-20001.jpg,A20
SE-20005,Brass Hardware,Brass Stair Fittings,Stair Fitting,,Brass Polished Lacquered,BPL,images/SE-20005.jpg,A20
SE-20006,Brass Hardware,Brass Stair Fittings,Stair Rod Bracket,,Brass Polished Lacquered,BPL,images/SE-20006.jpg,A20
SE-20007,Brass Hardware,Brass Stair Fittings,with Stud,,Brass Polished Lacquered,BPL,images/SE-20007.jpg,A20
SE-20008,Brass Hardware,Brass Stair Fittings,with Stud,,Brass Polished Lacquered,BPL,images/SE-20008.jpg,A20
SE-20009,Brass Hardware,Brass Stair Fittings,with cup,,Antique Brass,,images/SE-20009.jpg,A20
SE-20010,Brass Hardware,Brass Stair Fittings,withcup,,Brass Polished Lacquered,BPL,images/SE-20010.jpg,A20
SE-20011,Brass Hardware,Brass Stair Fittings,Castorwheel withcup,,Brass Polished Lacquered,BPL,images/SE-20011.jpg,A20
SE-20012,Brass Hardware,Brass Stair Fittings,Castorwheel with Pin,,Brass Polished Lacquered,BPL,images/SE-20012.jpg,A20
SE-22002,Brass Hardware,Entrance Door Handles,Entrance Door Handle,"450mm,250mm",Brass Polished Lacquered,BPL,images/SE-22002.jpg,A21
SE-22003,Brass Hardware,Entrance Door Handles,Entrance Door Handle,"520mm,315mm",Satin Chrome Plated,SCP,images/SE-22003.jpg,A21
SE-22004,Brass Hardware,Entrance Door Handles,Entrance Door Handle,"420mm,315mm",Satin Chrome Plated,SCP,images/SE-22004.jpg,A21
SE-22009,Brass Hardware,Entrance Door Handles,Entrance Door Handle,410mm,Satin Chrome Plated,SCP,images/SE-22009.jpg,A21
SE-22010,Brass Hardware,Entrance Door Handles,Entrance Door Handle,445mm,Gold Polished Lacquered,GPL,images/SE-22010.jpg,A21
SE-22011,Brass Hardware,Entrance Door Handles,Entrance Door Handle,460mm,Satin Chrome Plated,SCP,images/SE-22011.jpg,A21
SE-22001,Brass Hardware,Entrance Door Handles,Entrance Door Handle,"470mm，400mm,350mm",Gold Polished Lacquered,GPL,images/SE-22001.jpg,A21
SE-22008,Brass Hardware,Entrance Door Handles,Entrance Door Handle,"450mm,600mm",Gold Polished Lacquered,GPL,images/SE-22008.jpg,A21
SE-22005,Brass Hardware,Entrance Door Handles,Entrance Door Handle,,Satin Chrome Plated,SCP,images/SE-22005.jpg,A21
SE-22012,Brass Hardware,Entrance Door Handles,Entrance Door Handle,305mm,oil Rubbed Bronze,,images/SE-22012.jpg,A21
SE-22013,Brass Hardware,Entrance Door Handles,Entrance Door Handle,515mm,Black Satin Chrome,BSC,images/SE-22013.jpg,A21
SE-22014,Brass Hardware,Entrance Door Handles,Entrance Door Handle,"450mm,250mm",Stainless Steel,,images/SE-22014.jpg,A21
SE-22006,Brass Hardware,Entrance Door Handles,Entrance Door Handle,"550mm,300mm",Satin Chrome Plated,SCP,images/SE-22006.jpg,A21
SE-22007,Brass Hardware,Entrance Door Handles,Entrance Door Handle,545mm,Satin Chrome Plated,SCP,images/SE-22007.jpg,A21
SE-23002,Brass Hardware,Brass Bathroom Fittings,Soap Dish,,Chrome Plated,CP,images/SE-23002.jpg,A22
SE-23003,Brass Hardware,Brass Bathroom Fittings,Soap Dish,,Chrome Plated,CP,images/SE-23003.jpg,A22
SE-23011,Brass Hardware,Brass Bathroom Fittings,Towel Ring,,Chrome Plated,CP,images/SE-23011.jpg,A22
SE-23012,Brass Hardware,Brass Bathroom Fittings,Hook,,Chrome Plated,CP,images/SE-23012.jpg,A22
SE-23001,Brass Hardware,Brass Bathroom Fittings,Soap Dish,,Chrome Plated,CP,images/SE-23001.jpg,A22
SE-23010,Brass Hardware,Brass Bathroom Fittings,Towel Ring,,Brass Polished Lacquered,BPL,images/SE-23010.jpg,A22
SE-23013,Brass Hardware,Brass Bathroom Fittings,Hook,,Chrome Plated,CP,images/SE-23013.jpg,A22
SE-23014,Brass Hardware,Brass Bathroom Fittings,Hook,,Chrome Plated,CP,images/SE-23014.jpg,A22
SE-23004,Brass Hardware,Brass Bathroom Fittings,Toilet Paper Holder,,Chrome Plated,CP,images/SE-23004.jpg,A22
SE-23005,Brass Hardware,Brass Bathroom Fittings,Tooth Brush Holder,,Chrome Plated,CP,images/SE-23005.jpg,A22
SE-23006,Brass Hardware,Brass Bathroom Fittings,Tooth Brush Holder,,Chrome Plated,CP,images/SE-23006.jpg,A22
SE-23015,Brass Hardware,Brass Bathroom Fittings,Towel Bar,,Chrome Plated,CP,images/SE-23015.jpg,A22
SE-23016,Brass Hardware,Brass Bathroom Fittings,Towel Bar,,Chrome Plated,CP,images/SE-23016.jpg,A22
SE-23017,Brass Hardware,Brass Bathroom Fittings,Bathroom Fitting,,Chrome Plated,CP,images/SE-23017.jpg,A22
SE-23018,Brass Hardware,Brass Bathroom Fittings,Towel Rack,,Chrome Plated,CP,images/SE-23018.jpg,A22
SE-23007,Brass Hardware,Brass Bathroom Fittings,Bathroom Fitting,,Chrome Plated,CP,images/SE-23007.jpg,A22
SE-23008,Brass Hardware,Brass Bathroom Fittings,Toilet Paper Holder,,Chrome Plated,CP,images/SE-23008.jpg,A22
SE-23009,Brass Hardware,Brass Bathroom Fittings,Toilet Paper Holder,,Chrome Plated,CP,images/SE-23009.jpg,A22
SE-23020,Brass Hardware,Brass Hammers & Bells,Chipping Hammer Wt.-500gms,,Brass,,images/SE-23020.jpg,A23
SE-23021,Brass Hardware,Brass Hammers & Bells,"Stone Hammer Wt.-2.5Kg.,3Kg.5Kg",,Brass,,images/SE-23021.jpg,A23
SE-23019,Brass Hardware,Brass Hammers & Bells,"Stone Hammer Wt-500gms,1kg.1.5kg.2kg.",,Brass,,images/SE-23019.jpg,A23
SE-23022,Brass Hardware,Brass Hammers & Bells,Brassbell,,Antique Brass,,images/SE-23022.jpg,A23
SE-24002,Aluminium Hardware,Aluminium Handles,Lever Latch,88mm X44mm,Aluminium Anodized,,images/SE-24002.jpg,A24
SE-24006,Aluminium Hardware,Aluminium Handles,Cabinet Pull Handle,145mm,Aluminium Anodized,,images/SE-24006.jpg,A24
SE-24007,Aluminium Hardware,Aluminium Handles,Pull Handle,152mm Rose50mm,Aluminium Anodized,,images/SE-24007.jpg,A24
SE-24005,Aluminium Hardware,Aluminium Handles,Pull Handle,228mm,Aluminium Anodized,,images/SE-24005.jpg,A24
SE-24003,Aluminium Hardware,Aluminium Handles,Lever Lock,152mm X40mm,Aluminium Anodized,,images/SE-24003.jpg,A24
SE-24008,Aluminium Hardware,Aluminium Handles,Cabinet Pull Handle,152mm,Aluminium Anodized,,images/SE-24008.jpg,A24
SE-24009,Aluminium Hardware,Aluminium Handles,Cabinet Pull Handle,100mm,Aluminium Anodized,,images/SE-24009.jpg,A24
SE-24010,Aluminium Hardware,Aluminium Handles,Cabinet Pull Handle,185mm,Aluminium Anodized,,images/SE-24010.jpg,A24
SE-24001,Aluminium Hardware,Aluminium Handles,Lever Lock,152mm X44mm,Aluminium Anodized,,images/SE-24001.jpg,A24
SE-24011,Aluminium Hardware,Aluminium Handles,Cabinet Pull Handle,304mm,Aluminium Anodized,,images/SE-24011.jpg,A24
SE-24012,Aluminium Hardware,Aluminium Handles,Cabinet Pull Handle,228mm,Aluminium Anodized,,images/SE-24012.jpg,A24
SE-24004,Aluminium Hardware,Aluminium Handles,Lever Lock,152mm X42mm,Aluminium Anodized,,images/SE-24004.jpg,A24
SE-24014,Aluminium Hardware,Aluminium Accessories,Door Stopper Skirt Mount Anodized,50mm,Aluminium Anodized,,images/SE-24014.jpg,A25
SE-24015,Aluminium Hardware,Aluminium Accessories,Door Stopper Anodized,50mm,Aluminium Anodized,,images/SE-24015.jpg,A25
SE-24016,Aluminium Hardware,Aluminium Accessories,Door Stopper Concealed Anodized,50mm,Aluminium Anodized,,images/SE-24016.jpg,A25
SE-24013,Aluminium Hardware,Aluminium Accessories,Hand Rail Bracket Anodized,76mm,Gold,,images/SE-24013.jpg,A25
SE-24018,Aluminium Hardware,Aluminium Accessories,Anodized,50mm,Aluminium Anodized,,images/SE-24018.jpg,A25
SE-24017,Aluminium Hardware,Aluminium Accessories,Door Stopper Round Anodized,34mm,Aluminium Anodized,,images/SE-24017.jpg,A25
SE-24019,Aluminium Hardware,Aluminium Accessories,Anodized,88mm,Aluminium Anodized,,images/SE-24019.jpg,A25
SE-24021,Aluminium Hardware,Aluminium Accessories,Toilet Paper Holder Anodized,34mm,Aluminium Anodized,,images/SE-24021.jpg,A25
SE-24020,Aluminium Hardware,Aluminium Accessories,Hand Rail Bracket Anodized,63mm,Aluminium Anodized,,images/SE-24020.jpg,A25
SE-24022,Aluminium Hardware,Aluminium Accessories,Letter Plate Anodized,254mm X75mm,Aluminium Anodized,,images/SE-24022.jpg,A25
SE-24023,Aluminium Hardware,Aluminium Accessories,Flush Pull Anodized,90mm X40mm,Aluminium Anodized,,images/SE-24023.jpg,A25
SE-24024,Aluminium Hardware,Aluminium Accessories,Escutcheon Anodized,38mm,Aluminium Anodized,,images/SE-24024.jpg,A25
SE-25003,Iron Hardware,Iron Lever Handles,Lever Lock,195mm×52mm,Powder Coated,PC,images/SE-25003.jpg,A26
SE-25012,Iron Hardware,Iron Lever Handles,Lever Latch,165mm×50mm,Powder Coated,PC,images/SE-25012.jpg,A26
SE-25002,Iron Hardware,Iron Lever Handles,Lever Latch,158mm×50mm,Powder Coated,PC,images/SE-25002.jpg,A26
SE-25013,Iron Hardware,Iron Lever Handles,Lever Latch,203mm×59mm,Powder Coated,PC,images/SE-25013.jpg,A26
SE-25001,Iron Hardware,Iron Lever Handles,Lever Lock Euro,240mm×40mm,Powder Coated,PC,images/SE-25001.jpg,A26
SE-25011,Iron Hardware,Iron Lever Handles,Lever Lock,165mm×65mm,Powder Coated,PC,images/SE-25011.jpg,A26
SE-25004,Iron Hardware,Iron Lever Handles,Lever Latch,152mm×42mm,Powder Coated,PC,images/SE-25004.jpg,A26
SE-25005,Iron Hardware,Iron Lever Handles,Lever Latch,152mm×50mm,Powder Coated,PC,images/SE-25005.jpg,A26
SE-25006,Iron Hardware,Iron Lever Handles,Lever Latch,158mm×50mm,Powder Coated,PC,images/SE-25006.jpg,A26
SE-25014,Iron Hardware,Iron Lever Handles,Lever Latch,195mm×52mm,Powder Coated,PC,images/SE-25014.jpg,A26
SE-25015,Iron Hardware,Iron Lever Handles,Lever Latch,200mm×55mm,Powder Coated,PC,images/SE-25015.jpg,A26
SE-25016,Iron Hardware,Iron Lever Handles,Lever Latch,203mm×59mm,Powder Coated,PC,images/SE-25016.jpg,A26
SE-25007,Iron Hardware,Iron Lever Handles,Lever Latch,280mm X41mm,Powder Coated,PC,images/SE-25007.jpg,A26
SE-25008,Iron Hardware,Iron Lever Handles,Lever Lock,171mm X47mm,Powder Coated,PC,images/SE-25008.jpg,A26
SE-25009,Iron Hardware,Iron Lever Handles,Bathroom Set,171mm X47mm,Powder Coated,PC,images/SE-25009.jpg,A26
SE-25010,Iron Hardware,Iron Lever Handles,Lever Lock,152mm X52mm,Powder Coated,PC,images/SE-25010.jpg,A26
SE-25017,Iron Hardware,Iron Lever Handles,Lever Handle,132mm×38mm,Powder Coated,PC,images/SE-25017.jpg,A26
SE-25019,Iron Hardware,Iron Lever Handles,Lever Lock,195mm×52mm,Powder Coated,PC,images/SE-25019.jpg,A26
SE-25020,Iron Hardware,Iron Lever Handles,Lever Latch,107mm X50mm,Powder Coated,PC,images/SE-25020.jpg,A26
SE-25018,Iron Hardware,Iron Lever Handles,Lever Bathroom,165mm×65mm,Powder Coated,PC,images/SE-25018.jpg,A26
SE-26002,Iron Hardware,Iron Mortice Knobs & Rose Handles,Knob,Rose52mm,Powder Coated,PC,images/SE-26002.jpg,A27
SE-26003,Iron Hardware,Iron Mortice Knobs & Rose Handles,Mortice Knob Rim Oval,Base62mm X62mm,Powder Coated,PC,images/SE-26003.jpg,A27
SE-26013,Iron Hardware,Iron Cabinet Knobs,Cabinet Knob,32mm,Powder Coated,PC,images/SE-26013.jpg,A27
SE-26014,Iron Hardware,Iron Cabinet Knobs,Knob,25mm,Powder Coated,PC,images/SE-26014.jpg,A27
SE-26001,Iron Hardware,Iron Mortice Knobs & Rose Handles,Centre Door Knob,78mm,Powder Coated,PC,images/SE-26001.jpg,A27
SE-26012,Iron Hardware,Iron Cabinet Knobs,Knob,32mm,Powder Coated,PC,images/SE-26012.jpg,A27
SE-26004,Iron Hardware,Iron Mortice Knobs & Rose Handles,Knob,Rose62mm,Powder Coated,PC,images/SE-26004.jpg,A27
SE-26005,Iron Hardware,Iron Mortice Knobs & Rose Handles,Knob,Rose52mm,Powder Coated,PC,images/SE-26005.jpg,A27
SE-26015,Iron Hardware,Iron Cabinet Knobs,Oval Knob,32mm,Powder Coated,PC,images/SE-26015.jpg,A27
SE-26016,Iron Hardware,Iron Cabinet Knobs,Cabinet Knob,25mm，32mm，48mm,Powder Coated,PC,images/SE-26016.jpg,A27
SE-26017,Iron Hardware,Iron Cabinet Knobs,Cabinet Knob,31mm X31mm,Powder Coated,PC,images/SE-26017.jpg,A27
SE-26018,Iron Hardware,Iron Cabinet Knobs,Cabinet Knob,28mm,Powder Coated,PC,images/SE-26018.jpg,A27
SE-26019,Iron Hardware,Iron Cabinet Knobs,Cabinet Pull,44mm,Powder Coated,PC,images/SE-26019.jpg,A27
SE-26020,Iron Hardware,Iron Cabinet Knobs,Cabinet Pull,32mm,Powder Coated,PC,images/SE-26020.jpg,A27
SE-26007,Iron Hardware,Iron Mortice Knobs & Rose Handles,Rose Handle,Rose52mm,Powder Coated,PC,images/SE-26007.jpg,A27
SE-26008,Iron Hardware,Iron Mortice Knobs & Rose Handles,Rose Handle,Rose52mm,Powder Coated,PC,images/SE-26008.jpg,A27
SE-26006,Iron Hardware,Iron Mortice Knobs & Rose Handles,Knob Oval,Rose64mm,Powder Coated,PC,images/SE-26006.jpg,A27
SE-26021,Iron Hardware,Iron Cabinet Knobs,Knob,25mm,Powder Coated,PC,images/SE-26021.jpg,A27
SE-26009,Iron Hardware,Iron Mortice Knobs & Rose Handles,Mortice Knobs & Rose Handle,Rose52mm,Powder Coated,PC,images/SE-26009.jpg,A27
SE-26022,Iron Hardware,Iron Cabinet Knobs,Knob,32mm,Powder Coated,PC,images/SE-26022.jpg,A27
SE-26023,Iron Hardware,Iron Cabinet Knobs,Knob,38mm,Powder Coated,PC,images/SE-26023.jpg,A27
SE-26024,Iron Hardware,Iron Cabinet Knobs,Knob,32mm,Powder Coated,PC,images/SE-26024.jpg,A27
SE-26010,Iron Hardware,Iron Mortice Knobs & Rose Handles,Rose Handle,Rose52mm,Powder Coated,PC,images/SE-26010.jpg,A27
SE-26011,Iron Hardware,Iron Mortice Knobs & Rose Handles,Rose Handle,Rose52mm,Powder Coated,PC,images/SE-26011.jpg,A27
SE-28001,Iron Hardware,Iron Hinges,Reversible Hinge,"254mm / Available sizes-304mm, / 355mm，406mm，457mm",Powder Coated,PC,images/SE-28001.jpg,B01
SE-27002,Iron Hardware,Iron Knockers,Door Knocker Artistic,175mm,Powder Coated,,images/SE-27002.jpg,B01
SE-27003,Iron Hardware,Iron Knockers,Door Knocker Artistic,209mm,Powder Coated,,images/SE-27003.jpg,B01
SE-28002,Iron Hardware,Iron Hinges,Reversible Hinge,"254mm / Available sizes-304mm, / 355mm.406mm，457mm",Galvanised,,images/SE-28002.jpg,B01
SE-28003,Iron Hardware,Iron Hinges,Hook Band,"254mm / Available sizes-305mm,356mm, / 406mm.457mm，508mm610mm",Powder Coated,PC,images/SE-28003.jpg,B01
SE-27001,Iron Hardware,Iron Knockers,Door Knocker Medusa,158mm,Powder Coated,,images/SE-27001.jpg,B01
SE-28004,Iron Hardware,Iron Hinges,Tee Hinge,254mm,Powder Coated,PC,images/SE-28004.jpg,B01
SE-27004,Iron Hardware,Iron Knockers,Door Knocker Georgian,152mm，230mm,Powder Coated,,images/SE-27004.jpg,B01
SE-27005,Iron Hardware,Iron Knockers,Door Knocker Victorian,152mm，230mm,Powder Coated,,images/SE-27005.jpg,B01
SE-28005,Iron Hardware,Iron Hinges,Hinge,"254mm / Availablesizes-102mm,152mm,202mm, / 305mm，356mm，406mm.470mm",Powder Coated,PC,images/SE-28005.jpg,B01
SE-28006,Iron Hardware,Iron Hinges,Front Hinge,250mm,Powder Coated,PC,images/SE-28006.jpg,B01
SE-28007,Iron Hardware,Iron Hinges,Hinge,280mm,Powder Coated,PC,images/SE-28007.jpg,B01
SE-27006,Iron Hardware,Iron Knockers,Door Knocker Lion Head,108mm,Powder Coated,,images/SE-27006.jpg,B01
SE-27007,Iron Hardware,Iron Knockers,Door Knocker,108mm,Powder Coated,,images/SE-27007.jpg,B01
SE-27008,Iron Hardware,Iron Knockers,Door Knocker,108mm,Powder Coated,,images/SE-27008.jpg,B01
SE-28008,Iron Hardware,Iron Hinges,Front Hinge Fleur,406mm,Powder Coated,PC,images/SE-28008.jpg,B02
SE-28009,Iron Hardware,Iron Hinges,Front Hinge Gothic,395mm,Powder Coated,PC,images/SE-28009.jpg,B02
SE-28015,Iron Hardware,Iron Hinges,Hinge,L-76mm,Powder Coated,PC,images/SE-28015.jpg,B02
SE-28016,Iron Hardware,Iron Hinges,Hinge,50mm,Powder Coated,PC,images/SE-28016.jpg,B02
SE-28010,Iron Hardware,Iron Hinges,Hinge,275mm,Powder Coated,PC,images/SE-28010.jpg,B02
SE-28011,Iron Hardware,Iron Hinges,Hinge,298mm,Powder Coated,PC,images/SE-28011.jpg,B02
SE-28012,Iron Hardware,Iron Hinges,Hinge,300mm,Powder Coated,PC,images/SE-28012.jpg,B02
SE-28017,Iron Hardware,Iron Hinges,Hinge,"L-75mm,W-52mm",Antique Brass,,images/SE-28017.jpg,B02
SE-28019,Iron Hardware,Iron Hinges,Snake Hinge,100mm,Powder Coated,PC,images/SE-28019.jpg,B02
SE-28018,Iron Hardware,Iron Hinges,Tee Hinge,"101mm,152mm",Galvanised,,images/SE-28018.jpg,B02
SE-28013,Iron Hardware,Iron Hinges,Hinge,395mm,Powder Coated,PC,images/SE-28013.jpg,B02
SE-28014,Iron Hardware,Iron Hinges,Hinge,406mm,Antique Waxed,,images/SE-28014.jpg,B02
SE-28020,Iron Hardware,Iron Hinges,Hinge,"L-40mm,W-72mm",Powder Coated Textured,,images/SE-28020.jpg,B02
SE-28021,Iron Hardware,Iron Hinges,Tee Hinge,127mm,Galvanized,,images/SE-28021.jpg,B02
SE-30001,Iron Hardware,Iron Gate Latches,Suffolk Latch,,Hot Dip Galvanized,,images/SE-30001.jpg,B03
SE-30002,Iron Hardware,Iron Gate Latches,Gate Latch,,Powder Coated Textured,,images/SE-30002.jpg,B03
SE-29002,Iron Hardware,Iron Window Fittings,Tum Button,,Powder Coated,PC,images/SE-29002.jpg,B03
SE-29003,Iron Hardware,Iron Window Fittings,Casement Fastener,,Powder Coated,PC,images/SE-29003.jpg,B03
SE-30003,Iron Hardware,Iron Gate Latches,Ring Gate Latch Twisted,,Powder Coated,PC,images/SE-30003.jpg,B03
SE-30004,Iron Hardware,Iron Gate Latches,Thumb Latch,,Powder Coated,PC,images/SE-30004.jpg,B03
SE-29001,Iron Hardware,Iron Window Fittings,Fitch Fastener,,Powder Coated,PC,images/SE-29001.jpg,B03
SE-29004,Iron Hardware,Iron Window Fittings,Casement Fastener,,Powder Coated,PC,images/SE-29004.jpg,B03
SE-29005,Iron Hardware,Iron Window Fittings,Casement Fastener,,Powder Coated,PC,images/SE-29005.jpg,B03
SE-30005,Iron Hardware,Iron Gate Latches,Gate Latche,,Powder Coated,PC,images/SE-30005.jpg,B03
SE-30006,Iron Hardware,Iron Gate Latches,Thumb Latch,,Powder Coated,PC,images/SE-30006.jpg,B03
SE-29006,Iron Hardware,Iron Window Fittings,Cabin Hook,,Powder Coated,PC,images/SE-29006.jpg,B03
SE-29007,Iron Hardware,Iron Window Fittings,Cabin Hook,,Powder Coated,PC,images/SE-29007.jpg,B03
SE-29008,Iron Hardware,Iron Window Fittings,Cabin Hook Artistic,,Powder Coated,PC,images/SE-29008.jpg,B03
SE-30007,Iron Hardware,Iron Gate Latches,Gate Latche,,Powder Coated,PC,images/SE-30007.jpg,B03
SE-29009,Iron Hardware,Iron Window Fittings,Casement Stay,,Powder Coated,PC,images/SE-29009.jpg,B03
SE-30008,Iron Hardware,Iron Gate Latches,Ring Gate Latch,,Powder Coated,PC,images/SE-30008.jpg,B03
SE-30009,Iron Hardware,Iron Gate Latches,Ring Gate Latch,,Powder Coated,PC,images/SE-30009.jpg,B03
SE-29010,Iron Hardware,Iron Window Fittings,Window Fitting,,Powder Coated,PC,images/SE-29010.jpg,B03
SE-29011,Iron Hardware,Iron Window Fittings,Cabin Hook,,Powder Coated,PC,images/SE-29011.jpg,B03
SE-30011,Iron Hardware,Iron Latches,Gate Spring,,Powder Coated,PC,images/SE-30011.jpg,B04
SE-31002,Iron Hardware,Iron Drawer Pulls,Drawer Pull,82mm,Powder Coated,PC,images/SE-31002.jpg,B04
SE-31001,Iron Hardware,Iron Drawer Pulls,Drawer Pull,100mm,Powder Coated,PC,images/SE-31001.jpg,B04
SE-31003,Iron Hardware,Iron Drawer Pulls,Drawer Pull,95mm,Powder Coated,PC,images/SE-31003.jpg,B04
SE-31004,Iron Hardware,Iron Drawer Pulls,Drawer Pull,102mm,Powder Coated,PC,images/SE-31004.jpg,B04
SE-30010,Iron Hardware,Iron Latches,Door Chain,,Powder Coated,PC,images/SE-30010.jpg,B04
SE-30012,Iron Hardware,Iron Latches,Gate Ring Twisted,,Powder Coated,PC,images/SE-30012.jpg,B04
SE-30013,Iron Hardware,Iron Latches,Gate Ring Twisted,,Powder Coated,PC,images/SE-30013.jpg,B04
SE-31005,Iron Hardware,Iron Drawer Pulls,Drawer Pull,65mm,Powder Coated,PC,images/SE-31005.jpg,B04
SE-30014,Iron Hardware,Iron Latches,Gate Ring Twisted,,Powder Coated,PC,images/SE-30014.jpg,B04
SE-31006,Iron Hardware,Iron Drawer Pulls,Drawer Pull,100mm,Powder Coated,PC,images/SE-31006.jpg,B04
SE-31007,Iron Hardware,Iron Drawer Pulls,Drawer Pull,100mm,Powder Coated,PC,images/SE-31007.jpg,B04
SE-30015,Iron Hardware,Iron Latches,Gate Ring,,Powder Coated,PC,images/SE-30015.jpg,B04
SE-31008,Iron Hardware,Iron Drawer Pulls,Drawer Pull,95mm,Powder Coated,PC,images/SE-31008.jpg,B04
SE-30016,Iron Hardware,Iron Latches,Corner Bracket Round,,Powder Coated Textured,,images/SE-30016.jpg,B04
SE-31009,Iron Hardware,Iron Drawer Pulls,Drawer Pull,100mm X50mm,Powder Coated,PC,images/SE-31009.jpg,B04
SE-31010,Iron Hardware,Iron Drawer Pulls,Drawer Pull,100mm,Antique Brass,,images/SE-31010.jpg,B04
SE-30017,Iron Hardware,Iron Latches,Corner Bracket Right Angle,,Powder Coated Textured,,images/SE-30017.jpg,B04
SE-30018,Iron Hardware,Iron Latches,Shutter Dog,,Powder Coated,PC,images/SE-30018.jpg,B04
SE-31012,Iron Hardware,Iron Drawer Pulls,Drawer Pull,45mm,Powder Coated,PC,images/SE-31012.jpg,B05
SE-32002,Iron Hardware,Iron Cabinet Handles,Cabinet Handle,152mm,Powder Coated,PC,images/SE-32002.jpg,B05
SE-32003,Iron Hardware,Iron Cabinet Handles,Cabinet Handle,177mm,Powder Coated,PC,images/SE-32003.jpg,B05
SE-32004,Iron Hardware,Iron Cabinet Handles,Cabinet Handle,46mm,Powder Coated,PC,images/SE-32004.jpg,B05
SE-31011,Iron Hardware,Iron Drawer Pulls,Drawer Ring Pull,50mm,Powder Coated,PC,images/SE-31011.jpg,B05
SE-32001,Iron Hardware,Iron Cabinet Handles,Cabinet Handle,190mm,Powder Coated,PC,images/SE-32001.jpg,B05
SE-31013,Iron Hardware,Iron Drawer Pulls,Drawer Pull,45mm,Powder Coated,PC,images/SE-31013.jpg,B05
SE-32005,Iron Hardware,Iron Cabinet Handles,Cabinet Handle,114mm,Powder Coated,PC,images/SE-32005.jpg,B05
SE-32006,Iron Hardware,Iron Cabinet Handles,Cabinet Handle,171mm,Powder Coated,PC,images/SE-32006.jpg,B05
SE-32007,Iron Hardware,Iron Cabinet Handles,Cabinet Handle,171mm,Powder Coated,PC,images/SE-32007.jpg,B05
SE-32008,Iron Hardware,Iron Cabinet Handles,Cabinet Handle,196mm,Powder Coated,PC,images/SE-32008.jpg,B05
SE-31014,Iron Hardware,Iron Drawer Pulls,Drawer Ring Pulll,50mm,Powder Coated,PC,images/SE-31014.jpg,B05
SE-31015,Iron Hardware,Iron Drawer Pulls,Drawer Ring Pull,25mm X25mm,Powder Coated,PC,images/SE-31015.jpg,B05
SE-31016,Iron Hardware,Iron Drawer Pulls,Drawer Ring Pull,032mm,Powder Coated,PC,images/SE-31016.jpg,B05
SE-32009,Iron Hardware,Iron Cabinet Handles,Cabinet Handle,273mm,Powder Coated,PC,images/SE-32009.jpg,B05
SE-32010,Iron Hardware,Iron Cabinet Handles,Cabinet Handle,196mm,Powder Coated,PC,images/SE-32010.jpg,B05
SE-32011,Iron Hardware,Iron Cabinet Handles,Cabinet Handle,157mm,Powder Coated,PC,images/SE-32011.jpg,B05
SE-32012,Iron Hardware,Iron Cabinet Handles,Cabinet Handle,150mm,Powder Coated,PC,images/SE-32012.jpg,B05
SE-32013,Iron Hardware,Iron Cabinet Handles,Cabinet Handle,228mm,Powder Coated,PC,images/SE-32013.jpg,B05
SE-31017,Iron Hardware,Iron Drawer Pulls,Drawer Pull,052mm,Powder Coated,PC,images/SE-31017.jpg,B05
SE-32014,Iron Hardware,Iron Cabinet Handles,Cabinet Handle,254mm,Powder Coated,PC,images/SE-32014.jpg,B05
SE-32015,Iron Hardware,Iron Cabinet Handles,Cabinet Handle,254mm,Powder Coated,PC,images/SE-32015.jpg,B05
SE-32017,Iron Hardware,Iron Cabinet Handles,Cabinet Handle Pressed Sheet,85mm,Chrome,,images/SE-32017.jpg,B05
SE-32018,Iron Hardware,Iron Cabinet Handles,Bow Handle Pressed Sheet,127mm,Powder Coated,PC,images/SE-32018.jpg,B05
SE-31018,Iron Hardware,Iron Drawer Pulls,Florantine Ring,046mm,Powder Coated,PC,images/SE-31018.jpg,B05
SE-31019,Iron Hardware,Iron Drawer Pulls,Cabinet Pull,,Antique Brass,,images/SE-31019.jpg,B05
SE-32016,Iron Hardware,Iron Cabinet Handles,Cabinet Handle Pressed Sheet,130mm,Chrome,,images/SE-32016.jpg,B05
SE-33002,Iron Hardware,Iron Cage Handles,Cage Knob,32mm,Antique Brass,,images/SE-33002.jpg,B06
SE-33003,Iron Hardware,Iron Cage Handles,Cage Knob,42mm,Antique Brass,,images/SE-33003.jpg,B06
SE-33004,Iron Hardware,Iron Cage Handles,Cage Pull,98mm,Antique Brass,,images/SE-33004.jpg,B06
SE-34002,Iron Hardware,Iron Hooks,Coat&Hat Hook,152mm,Antique Brass,,images/SE-34002.jpg,B06
SE-34003,Iron Hardware,Iron Hooks,Coat&Hat Hook,139mm,Powder Coated,PC,images/SE-34003.jpg,B06
SE-34004,Iron Hardware,Iron Hooks,Coat&Hat Hook,165mm,Powder Coated,PC,images/SE-34004.jpg,B06
SE-34001,Iron Hardware,Iron Hooks,Coat&Hat Hook,139mm,Powder Coated,PC,images/SE-34001.jpg,B06
SE-33001,Iron Hardware,Iron Cage Handles,Cage Pull Handle,Cto C160mm,Copper Antique,,images/SE-33001.jpg,B06
SE-33005,Iron Hardware,Iron Cage Handles,Cabinet Pull,50mm,Antique Brass,,images/SE-33005.jpg,B06
SE-33006,Iron Hardware,Iron Cage Handles,Cage Pull Handle,Cto C92mm,Antique Brass,,images/SE-33006.jpg,B06
SE-33007,Iron Hardware,Iron Cage Handles,Cage Pull Handle,Cto C96mm,Antique Brass,,images/SE-33007.jpg,B06
SE-34008,Iron Hardware,Iron Hooks,Coat&Hat Hook,127mm,Powder Coated,PC,images/SE-34008.jpg,B06
SE-34009,Iron Hardware,Iron Hooks,Coat&Hat Hook,115mm,Powder Coated,PC,images/SE-34009.jpg,B06
SE-34005,Iron Hardware,Iron Hooks,Coat&Hat Hook,152mm,Powder Coated,PC,images/SE-34005.jpg,B06
SE-34006,Iron Hardware,Iron Hooks,Coat&Hat Hook,100mm,Powder Coated,PC,images/SE-34006.jpg,B06
SE-34007,Iron Hardware,Iron Hooks,Coat&Hat Hook,152mm,Powder Coated,PC,images/SE-34007.jpg,B06
SE-34013,Iron Hardware,Iron Hooks,Double Hook,65mm,Powder Coated,PC,images/SE-34013.jpg,B06
SE-34014,Iron Hardware,Iron Hooks,Double Hook,65mm,Powder Coated,PC,images/SE-34014.jpg,B06
SE-34010,Iron Hardware,Iron Hooks,Single Hook,50mm,Powder Coated,PC,images/SE-34010.jpg,B06
SE-34011,Iron Hardware,Iron Hooks,Single Hook,32mm,Powder Coated,PC,images/SE-34011.jpg,B06
SE-34012,Iron Hardware,Iron Hooks,Double Hook,45mm,Powder Coated,PC,images/SE-34012.jpg,B06
SE-33008,Iron Hardware,Iron Cage Handles,Cage Handle,Cto C76mm,Powder Coated,PC,images/SE-33008.jpg,B06
SE-33009,Iron Hardware,Iron Cage Handles,Cage Pull Handle,Cto C96mm,Antique Brass,,images/SE-33009.jpg,B06
SE-33010,Iron Hardware,Iron Cage Handles,Cage Pull Handle,Cto C127mm,Powder Coated,PC,images/SE-33010.jpg,B06
SE-33011,Iron Hardware,Iron Cage Handles,Cage Handle,Cto C130mm,Antique Brass,,images/SE-33011.jpg,B06
SE-35003,Iron Hardware,Iron Letter Plates,Letter Plate,355mm X95mm,Powder Coated,PC,images/SE-35003.jpg,B07
SE-36002,Iron Hardware,Iron Escutcheons,Escutcheon,41mm,Powder Coated,PC,images/SE-36002.jpg,B07
SE-36003,Iron Hardware,Iron Escutcheons,Escutcheon Covered,45mm,Powder Coated,PC,images/SE-36003.jpg,B07
SE-36004,Iron Hardware,Iron Escutcheons,Escutcheon,48mm,Powder Coated,PC,images/SE-36004.jpg,B07
SE-35002,Iron Hardware,Iron Letter Plates,Letter Plate,355mm X75mm,Powder Coated,PC,images/SE-35002.jpg,B07
SE-35004,Iron Hardware,Iron Letter Plates,Finger Plate,304mm X76mm,Powder Coated,PC,images/SE-35004.jpg,B07
SE-36001,Iron Hardware,Iron Escutcheons,Cylender Cover,75mm,Powder Coated,PC,images/SE-36001.jpg,B07
SE-36005,Iron Hardware,Iron Escutcheons,Escutcheon,80mm,Powder Coated,PC,images/SE-36005.jpg,B07
SE-36006,Iron Hardware,Iron Escutcheons,Escutcheon Euro,62mm,Powder Coated,PC,images/SE-36006.jpg,B07
SE-36007,Iron Hardware,Iron Escutcheons,Escutcheon Euro,52mm,Powder Coated,PC,images/SE-36007.jpg,B07
SE-35001,Iron Hardware,Iron Letter Plates,Finger Plate Rail Brackets,381mm X58mm,Powder Coated,PC,images/SE-35001.jpg,B07
SE-35005,Iron Hardware,Iron Letter Plates,Letter Plate,254mm X76mm,Powder Coated,PC,images/SE-35005.jpg,B07
SE-36009,Iron Hardware,Iron Escutcheons,Escutcheon,80mm,Powder Coated,PC,images/SE-36009.jpg,B07
SE-36010,Iron Hardware,Iron Escutcheons,Escutcheon Covered,58mm,Powder Coated,PC,images/SE-36010.jpg,B07
SE-36008,Iron Hardware,Iron Escutcheons,Escutcheon Euro,62mm,Powder Coated,PC,images/SE-36008.jpg,B07
SE-36013,Iron Hardware,Iron Escutcheons,Escutcheon,65mm,Powder Coated,PC,images/SE-36013.jpg,B07
SE-36014,Iron Hardware,Iron Escutcheons,Escutcheon,48mm,Powder Coated,PC,images/SE-36014.jpg,B07
SE-35006,Iron Hardware,Iron Letter Plates,Letter Plate,,Galvanised,,images/SE-35006.jpg,B07
SE-36011,Iron Hardware,Iron Escutcheons,Escutcheon Plate,178mm,Powder Coated,PC,images/SE-36011.jpg,B07
SE-36012,Iron Hardware,Iron Escutcheons,Escutcheon,82mm,Powder Coated,PC,images/SE-36012.jpg,B07
SE-35007,Iron Hardware,Iron Letter Plates,Rail Bracket,,Powder Coated,PC,images/SE-35007.jpg,B07
SE-35008,Iron Hardware,Iron Letter Plates,Rail Bracket,,Powder Coated,PC,images/SE-35008.jpg,B07
SE-37008,Iron Hardware,Iron Hasps & Trunk Handles,Trunk Handle,,Powder Coated,PC,images/SE-37008.jpg,B08
SE-37002,Iron Hardware,Iron Tower Bolts,Monkey Tail Bolt Galvanized,304mm,Hot Dip,,images/SE-37002.jpg,B08
SE-37003,Iron Hardware,Iron Tower Bolts,Garage Door Bolt Galvanized,304mm,Hot Dip,,images/SE-37003.jpg,B08
SE-37001,Iron Hardware,Iron Tower Bolts,Tower Bolt,152mm,Powder Coated,PC,images/SE-37001.jpg,B08
SE-37009,Iron Hardware,Iron Hasps & Trunk Handles,Trunk Handle,,Brass Plated,,images/SE-37009.jpg,B08
SE-37007,Iron Hardware,Iron Hasps & Trunk Handles,Back Plate,,Powder Coated,PC,images/SE-37007.jpg,B08
SE-37004,Iron Hardware,Iron Tower Bolts,Tower Bolt,76mm,Powder Coated,PC,images/SE-37004.jpg,B08
SE-37005,Iron Hardware,Iron Tower Bolts,Brenton Bolt,152mm,Powder Coated,PC,images/SE-37005.jpg,B08
SE-37006,Iron Hardware,Iron Tower Bolts,Brenton Bolt Galvanized,152mm,Hot Dip,,images/SE-37006.jpg,B08
SE-37010,Iron Hardware,Iron Hasps & Trunk Handles,Hasp,,Brass-Plated,,images/SE-37010.jpg,B08
SE-37011,Iron Hardware,Iron Hasps & Trunk Handles,Hasp,,Powder Coated,PC,images/SE-37011.jpg,B08
SE-39002,Iron Hardware,Hand Forged Entrance Door Handles,Knurling Wood Handle,381mm,Powder Coated Textured,,images/SE-39002.jpg,B09
SE-38002,Iron Hardware,Iron Latches,lron Stud,,Powder Coated,PC,images/SE-38002.jpg,B09
SE-38003,Iron Hardware,Iron Latches,Iron Stud,,Powder Coated,PC,images/SE-38003.jpg,B09
SE-38004,Iron Hardware,Iron Latches,Brass Stud,,Satin Chrome Plated,SCP,images/SE-38004.jpg,B09
SE-38005,Iron Hardware,Iron Latches,Brass Stud,,Satin Chrome Plated,SCP,images/SE-38005.jpg,B09
SE-39003,Iron Hardware,Hand Forged Entrance Door Handles,Entrance Door Handle,381mm,Powder Coated Textured,,images/SE-39003.jpg,B09
SE-38001,Iron Hardware,Iron Latches,lron Stud,,Powder Coated,PC,images/SE-38001.jpg,B09
SE-38006,Iron Hardware,Iron Latches,Iron Stud,,Powder Coated,PC,images/SE-38006.jpg,B09
SE-38007,Iron Hardware,Iron Latches,Iron Stud,,Powder Coated,PC,images/SE-38007.jpg,B09
SE-38008,Iron Hardware,Iron Latches,Iron Stud,,Powder Coated,PC,images/SE-38008.jpg,B09
SE-38009,Iron Hardware,Iron Latches,Iron Stud Iron,,Powder Coated,PC,images/SE-38009.jpg,B09
SE-39001,Iron Hardware,Hand Forged Entrance Door Handles,Entrance Door Handle,680mm,Powder Coated Textured,,images/SE-39001.jpg,B09
SE-39004,Iron Hardware,Hand Forged Entrance Door Handles,Rope Twisted Handle,362mm,Antique Brass,,images/SE-39004.jpg,B09
SE-39005,Iron Hardware,Hand Forged Entrance Door Handles,Entrance Door Handle,500mm,Powder Coated Textured,,images/SE-39005.jpg,B09
SE-38011,Iron Hardware,Iron Latches,Mending Plate SC,"76mm, / 100mm，127mm",Zinc Plated,,images/SE-38011.jpg,B09
SE-38012,Iron Hardware,Iron Latches,Angle Plate SC,"50mm,76mm",Zinc Plated,,images/SE-38012.jpg,B09
SE-38013,Iron Hardware,Iron Latches,Tee Plate SC,"76mm,100mm",Zinc Plated,,images/SE-38013.jpg,B09
SE-38014,Iron Hardware,Iron Latches,Latche,"25mm,38mm",Zinc Plated,,images/SE-38014.jpg,B09
SE-39006,Iron Hardware,Hand Forged Entrance Door Handles,Entrance Door Handle,485mm,Powder Coated Textured,,images/SE-39006.jpg,B09
SE-39007,Iron Hardware,Hand Forged Entrance Door Handles,Entrance Door Handle,380mm,Powder Coated Textured,,images/SE-39007.jpg,B09
SE-38010,Iron Hardware,Iron Latches,Latche,,Zinc Plated,,images/SE-38010.jpg,B09
SE-39008,Iron Hardware,Hand Forged Entrance Door Handles,Entrance Door Handle,335mm,Powder Coated Textured,,images/SE-39008.jpg,B09
SE-39009,Iron Hardware,Hand Forged Entrance Door Handles,Entrance Door Handle,500mm,Powder Coated Textured,,images/SE-39009.jpg,B09
SE-38015,Iron Hardware,Iron Latches,Latche,,Zinc Plated,,images/SE-38015.jpg,B09
SE-38016,Iron Hardware,Iron Latches,Latche,38mm,Zinc Plated,,images/SE-38016.jpg,B09
SE-38017,Iron Hardware,Iron Latches,Latche,45mmx45mm,Zinc Plated,,images/SE-38017.jpg,B09
SE-38018,Iron Hardware,Iron Latches,Cormer Bracket,83mmx83mm,Brass Plated,,images/SE-38018.jpg,B09
SE-38019,Iron Hardware,Iron Latches,Latche,50mmx50mm,Zinc Plated,,images/SE-38019.jpg,B09
SE-39011,Iron Hardware,Hand Forged Entrance Door Handles,Rope Twisted Handle,470mm,Powder Coated Textured,,images/SE-39011.jpg,B10
SE-40002,Iron Hardware,Cast Iron Pulleys,Single Awning Pulley Black,50mm,Powder Coated,PC,images/SE-40002.jpg,B10
SE-40003,Iron Hardware,Cast Iron Pulleys,Axle Pulley with ironwheel,44mm,Powder Coated,PC,images/SE-40003.jpg,B10
SE-39012,Iron Hardware,Hand Forged Entrance Door Handles,Rope Twisted Handle,320mm,Powder Coated Textured,,images/SE-39012.jpg,B10
SE-40004,Iron Hardware,Cast Iron Pulleys,Cast Iron Pulley,44mm,Powder Coated,PC,images/SE-40004.jpg,B10
SE-40005,Iron Hardware,Cast Iron Pulleys,Single Upright Pulley,38mm,Powder Coated,PC,images/SE-40005.jpg,B10
SE-40006,Iron Hardware,Cast Iron Pulleys,Iron,30mm,Powder Coated,PC,images/SE-40006.jpg,B10
SE-40001,Iron Hardware,Cast Iron Pulleys,Cast Iron Pulley,38mm,Powder Coated,PC,images/SE-40001.jpg,B10
SE-39013,Iron Hardware,Hand Forged Entrance Door Handles,Rope Twisted Handle,380mm,Antique Brass,,images/SE-39013.jpg,B10
SE-39010,Iron Hardware,Hand Forged Entrance Door Handles,Bridge Type Artistic Handle,260mm,Powder Coated,PC,images/SE-39010.jpg,B10
SE-39014,Iron Hardware,Hand Forged Entrance Door Handles,Rope Twisted Handle,500mm,Powder Coated Textured,,images/SE-39014.jpg,B10
SE-40008,Iron Hardware,Cast Iron Pulleys,Curtain Rod End,12mm0,Powder Coated,PC,images/SE-40008.jpg,B10
SE-40009,Iron Hardware,Cast Iron Pulleys,Curtain Rod End,12mm0,Powder Coated,PC,images/SE-40009.jpg,B10
SE-40007,Iron Hardware,Cast Iron Pulleys,Curtain Rod End,12mm0,Powder Coated,PC,images/SE-40007.jpg,B10
SE-39015,Iron Hardware,Hand Forged Entrance Door Handles,Hand Forged Entrance Door Handle,360mm,Powder Coated Textured,,images/SE-39015.jpg,B10
SE-39016,Iron Hardware,Hand Forged Entrance Door Handles,Square Bar Twisted Handle,395mm,Powder Coated Textured,,images/SE-39016.jpg,B10
SE-39017,Iron Hardware,Hand Forged Entrance Door Handles,Hand Forged Entrance Door Handle,405mm,Powder Coated Textured,,images/SE-39017.jpg,B10
SE-40012,Iron Hardware,Cast Iron Pulleys,Curtain Rod End,12mm,Powder Coated,PC,images/SE-40012.jpg,B10
SE-40013,Iron Hardware,Cast Iron Pulleys,Curtain Rod End,12mm0,Powder Coated,PC,images/SE-40013.jpg,B10
SE-39018,Iron Hardware,Hand Forged Entrance Door Handles,Square Bar Twisted Handle,292mm,Powder Coated Textured,,images/SE-39018.jpg,B10
SE-40010,Iron Hardware,Cast Iron Pulleys,Curtain Rod End,19mm0,Powder Coated,PC,images/SE-40010.jpg,B10
SE-40011,Iron Hardware,Cast Iron Pulleys,Curtain Rod End,19mm0,Powder Coated,PC,images/SE-40011.jpg,B10
SE-40503,Iron Hardware,Speakeasy & Side Light Grills,Speakeasy & Side Light Grill,,Powder Coated Textured,,images/SE-40503.jpg,B11
SE-40502,Iron Hardware,Speakeasy & Side Light Grills,Speakeasy & Side Light Grill,H-975mm,Powder Coated Textured,,images/SE-40502.jpg,B11
SE-40501,Iron Hardware,Speakeasy & Side Light Grills,Side Light Grill,H-1762mm,Powder Coated Textured,,images/SE-40501.jpg,B11
SE-40505,Iron Hardware,Speakeasy & Side Light Grills,Speakeasy & Side Light Grill,,Antique Brass,,images/SE-40505.jpg,B11
SE-41001,Wooden & Bone Hardware,Wooden Cabinet Handles,Cabinet Handle,100mm,,,images/SE-41001.jpg,B12
SE-41017,Wooden & Bone Hardware,Wooden Door Knobs,Door Knob,55mm,,,images/SE-41017.jpg,B12
SE-41002,Wooden & Bone Hardware,Wooden Cabinet Handles,Cabinet Handle,158mm,,,images/SE-41002.jpg,B12
SE-41003,Wooden & Bone Hardware,Wooden Cabinet Handles,Cabinet Handle,152mm，100mm,,,images/SE-41003.jpg,B12
SE-41016,Wooden & Bone Hardware,Wooden Door Knobs,Door Knob,55mm,,,images/SE-41016.jpg,B12
SE-41004,Wooden & Bone Hardware,Wooden Cabinet Handles,Wooden Cabinet Handle,"152mm,100mm",,,images/SE-41004.jpg,B12
SE-41005,Wooden & Bone Hardware,Wooden Cabinet Handles,Cabinet Handle,"107mm,152mm",,,images/SE-41005.jpg,B12
SE-41006,Wooden & Bone Hardware,Wooden Cabinet Handles,Cabinet Handle,"158mm,100mm",,,images/SE-41006.jpg,B12
SE-41018,Wooden & Bone Hardware,Wooden Door Knobs,Door Knob,52mm,,,images/SE-41018.jpg,B12
SE-41019,Wooden & Bone Hardware,Wooden Door Knobs,Door Knob,55mm,,,images/SE-41019.jpg,B12
SE-41007,Wooden & Bone Hardware,Wooden Cabinet Handles,Cabinet Handle,"100mm,152mm",,,images/SE-41007.jpg,B12
SE-41008,Wooden & Bone Hardware,Wooden Cabinet Handles,Cabinet Handle,100mm,,,images/SE-41008.jpg,B12
SE-41009,Wooden & Bone Hardware,Wooden Cabinet Handles,Cabinet Handle,82mm,,,images/SE-41009.jpg,B12
SE-41020,Wooden & Bone Hardware,Wooden Door Knobs,Door Knob,52mm,,,images/SE-41020.jpg,B12
SE-41021,Wooden & Bone Hardware,Wooden Door Knobs,Door Knob,57mm,,,images/SE-41021.jpg,B12
SE-41022,Wooden & Bone Hardware,Wooden Door Knobs,Door Knob,57mm,,,images/SE-41022.jpg,B12
SE-41010,Wooden & Bone Hardware,Wooden Cabinet Handles,Cabinet Handle,"107mm,152mm",,,images/SE-41010.jpg,B12
SE-41011,Wooden & Bone Hardware,Wooden Cabinet Handles,Wooden Cabinet Handle,"107mm,152mm",,,images/SE-41011.jpg,B12
SE-41012,Wooden & Bone Hardware,Wooden Cabinet Handles,Cabinet Handle,152mm，100mm,,,images/SE-41012.jpg,B12
SE-41013,Wooden & Bone Hardware,Wooden Cabinet Handles,Cabinet Handle,92mm,,,images/SE-41013.jpg,B12
SE-41014,Wooden & Bone Hardware,Wooden Cabinet Handles,Cabinet Handle,"152mm,100mm",,,images/SE-41014.jpg,B12
SE-41015,Wooden & Bone Hardware,Wooden Cabinet Handles,Cabinet Handle,"100mm,152mm",,,images/SE-41015.jpg,B12
SE-41023,Wooden & Bone Hardware,Wooden Door Knobs,Wooden Door Knob,58mm,,,images/SE-41023.jpg,B12
SE-41025,Wooden & Bone Hardware,Wooden Door Knobs,Door Knob,58mm,,,images/SE-41025.jpg,B12
SE-41024,Wooden & Bone Hardware,Wooden Door Knobs,Door Knob,52mm,,,images/SE-41024.jpg,B12
SE-41027,Wooden & Bone Hardware,Wooden Cabinet Knobs,Wooden Knob,32mm,,,images/SE-41027.jpg,B13
SE-41037,Wooden & Bone Hardware,Wooden Cabinet Knobs,Cabinet Knob,20mm,,,images/SE-41037.jpg,B13
SE-41038,Wooden & Bone Hardware,Wooden Cabinet Knobs,Woven Wire Knob,45mm,Antique Brass,,images/SE-41038.jpg,B13
SE-41039,Wooden & Bone Hardware,Wooden Cabinet Knobs,Woven Wire Knob,32mm,Brass Polished Lacquered,BPL,images/SE-41039.jpg,B13
SE-41026,Wooden & Bone Hardware,Wooden Cabinet Knobs,Wooden Cabinet Knob,45mm,,,images/SE-41026.jpg,B13
SE-41036,Wooden & Bone Hardware,Wooden Cabinet Knobs,Woven Wire Knob,45mm,Satin Chrome Plated,SCP,images/SE-41036.jpg,B13
SE-41028,Wooden & Bone Hardware,Wooden Cabinet Knobs,Wooden Cabinet Knob,32mm,,,images/SE-41028.jpg,B13
SE-41029,Wooden & Bone Hardware,Wooden Cabinet Knobs,Wooden Knob,32mm,,,images/SE-41029.jpg,B13
SE-41040,Wooden & Bone Hardware,Wooden Cabinet Knobs,Cabinet Knob,32mm,,,images/SE-41040.jpg,B13
SE-41041,Wooden & Bone Hardware,Wooden Cabinet Knobs,Cabinet Knob,32mm,,,images/SE-41041.jpg,B13
SE-41042,Wooden & Bone Hardware,Wooden Cabinet Knobs,Cabinet Knob,32mm,,,images/SE-41042.jpg,B13
SE-41030,Wooden & Bone Hardware,Wooden Cabinet Knobs,Wooden Cabinet Knob,45mm,,,images/SE-41030.jpg,B13
SE-41031,Wooden & Bone Hardware,Wooden Cabinet Knobs,Wooden Cabinet Knob,45mm,,,images/SE-41031.jpg,B13
SE-41032,Wooden & Bone Hardware,Wooden Cabinet Knobs,Wooden Knob,32mm,,,images/SE-41032.jpg,B13
SE-41045,Wooden & Bone Hardware,Wooden Cabinet Knobs,Cabinet Knob,35mm,,,images/SE-41045.jpg,B13
SE-41046,Wooden & Bone Hardware,Wooden Cabinet Knobs,Cabinet Knob,32mm,,,images/SE-41046.jpg,B13
SE-41043,Wooden & Bone Hardware,Wooden Cabinet Knobs,Wooden Cabinet Knob,22mm,,,images/SE-41043.jpg,B13
SE-41044,Wooden & Bone Hardware,Wooden Cabinet Knobs,Cabinet Knob,35mm,,,images/SE-41044.jpg,B13
SE-41033,Wooden & Bone Hardware,Wooden Cabinet Knobs,Wooden Cabinet Knob,45mm,,,images/SE-41033.jpg,B13
SE-41034,Wooden & Bone Hardware,Wooden Cabinet Knobs,Wooden Cabinet Knob,45mm,,,images/SE-41034.jpg,B13
SE-41035,Wooden & Bone Hardware,Wooden Cabinet Knobs,Wooden Knob,45mm,,,images/SE-41035.jpg,B13
SE-41050,Wooden & Bone Hardware,Wooden Cabinet Knobs,Cabinet Knob,32mm,,,images/SE-41050.jpg,B13
SE-41047,Wooden & Bone Hardware,Wooden Cabinet Knobs,Wooden Cabinet Knob,38mm,,,images/SE-41047.jpg,B13
SE-41048,Wooden & Bone Hardware,Wooden Cabinet Knobs,Cabinet Knob,35mm,,,images/SE-41048.jpg,B13
SE-41049,Wooden & Bone Hardware,Wooden Cabinet Knobs,Cabinet Knob,35mm,,,images/SE-41049.jpg,B13
SE-41052,Wooden & Bone Hardware,Bone Cabinet Knobs,Bone Cabinet Knob,32mm,,,images/SE-41052.jpg,B14
SE-41053,Wooden & Bone Hardware,Bone Cabinet Knobs,Cabinet Knob,34mm,,,images/SE-41053.jpg,B14
SE-41054,Wooden & Bone Hardware,Bone Cabinet Knobs,Cabinet Knob,34mm,,,images/SE-41054.jpg,B14
SE-41069,Wooden & Bone Hardware,Bone Cabinet Knobs,Fancy Knob,32mm,Bone,,images/SE-41069.jpg,B14
SE-41070,Wooden & Bone Hardware,Bone Cabinet Knobs,Lobe Knob,36mm,Bone,,images/SE-41070.jpg,B14
SE-41051,Wooden & Bone Hardware,Bone Cabinet Knobs,Bone Cabinet Knob,32mm,,,images/SE-41051.jpg,B14
SE-41055,Wooden & Bone Hardware,Bone Cabinet Knobs,Cabinet Knob,32mm,,,images/SE-41055.jpg,B14
SE-41056,Wooden & Bone Hardware,Bone Cabinet Knobs,Cabinet Knob,32mm,,,images/SE-41056.jpg,B14
SE-41068,Wooden & Bone Hardware,Bone Cabinet Knobs,Octagonal Knob,32mm,Bone,,images/SE-41068.jpg,B14
SE-41071,Wooden & Bone Hardware,Bone Cabinet Knobs,Lobe Knob,32mm,Bone,,images/SE-41071.jpg,B14
SE-41072,Wooden & Bone Hardware,Bone Cabinet Knobs,Knob,38mm,Bone,,images/SE-41072.jpg,B14
SE-41073,Wooden & Bone Hardware,Bone Cabinet Knobs,Knob,25mm,Bone,,images/SE-41073.jpg,B14
SE-41057,Wooden & Bone Hardware,Bone Cabinet Knobs,Cabinet Knob,34mm,,,images/SE-41057.jpg,B14
SE-41058,Wooden & Bone Hardware,Bone Cabinet Knobs,Bone Cabinet Knob,32mm,,,images/SE-41058.jpg,B14
SE-41059,Wooden & Bone Hardware,Bone Cabinet Knobs,Cabinet Knob,25mm,,,images/SE-41059.jpg,B14
SE-41060,Wooden & Bone Hardware,Bone Cabinet Knobs,Bone Cabinet Knob,25mm,,,images/SE-41060.jpg,B14
SE-41061,Wooden & Bone Hardware,Bone Cabinet Knobs,Bone Cabinet Knob,32mm,,,images/SE-41061.jpg,B14
SE-41062,Wooden & Bone Hardware,Bone Cabinet Knobs,Cabinet Knob,32mm,,,images/SE-41062.jpg,B14
SE-41074,Wooden & Bone Hardware,Bone Cabinet Knobs,Flush Pull Wooden,,,,images/SE-41074.jpg,B14
SE-41075,Wooden & Bone Hardware,Bone Cabinet Knobs,Escutcheon Cover Wooden,,,,images/SE-41075.jpg,B14
SE-41076,Wooden & Bone Hardware,Bone Cabinet Knobs,Escutcheon Cover Wooden,,,,images/SE-41076.jpg,B14
SE-41063,Wooden & Bone Hardware,Bone Cabinet Knobs,Cabinet Knob,22mm,,,images/SE-41063.jpg,B14
SE-41064,Wooden & Bone Hardware,Bone Cabinet Knobs,Bone Cabinet Knob,25mm,,,images/SE-41064.jpg,B14
SE-41065,Wooden & Bone Hardware,Bone Cabinet Knobs,Bone Cabinet Knob,32mm,,,images/SE-41065.jpg,B14
SE-41066,Wooden & Bone Hardware,Bone Cabinet Knobs,Cabinet Knob,36mm,,,images/SE-41066.jpg,B14
SE-41067,Wooden & Bone Hardware,Bone Cabinet Knobs,Cabinet Knob,40mm,,,images/SE-41067.jpg,B14
SE-41077,Wooden & Bone Hardware,Bone Cabinet Knobs,Bone Cabinet Knob,,,,images/SE-41077.jpg,B14
SE-41079,Wooden & Bone Hardware,Bone Cabinet Knobs,Wooden Curtain Ring,,,,images/SE-41079.jpg,B14
SE-41078,Wooden & Bone Hardware,Bone Cabinet Knobs,Bone Cabinet Knob,,,,images/SE-41078.jpg,B14
SE-42001,Garden Tools,Garden Tools,Garden Tool,,Powder Coated Textured,,images/SE-42001.jpg,B15
SE-42009,Garden Tools,Aluminium Handles,Garden Tool,,Aluminium Anodized,,images/SE-42009.jpg,B15
SE-42002,Garden Tools,Garden Tools,Garden Tool,,Powder Coated Textured,,images/SE-42002.jpg,B15
SE-42010,Garden Tools,Aluminium Handles,Garden Tool,,Aluminium Anodized,,images/SE-42010.jpg,B15
SE-42011,Garden Tools,Aluminium Handles,Garden Tool lron,,Powder Coated Textured,,images/SE-42011.jpg,B15
SE-42004,Garden Tools,Garden Tools,Garden Tool,,Powder Coated Textured,,images/SE-42004.jpg,B15
SE-42003,Garden Tools,Garden Tools,Garden Tool,,Powder Coated Textured,,images/SE-42003.jpg,B15
SE-42012,Garden Tools,Aluminium Handles,Garden Tool,,Aluminium Anodized,,images/SE-42012.jpg,B15
SE-42013,Garden Tools,Aluminium Handles,Garden Tool,,Aluminium Anodized,,images/SE-42013.jpg,B15
SE-42005,Garden Tools,Garden Tools,Garden Tool,,Powder Coated Textured,,images/SE-42005.jpg,B15
SE-42006,Garden Tools,Garden Tools,Garden Tool,,Powder Coated Textured,,images/SE-42006.jpg,B15
SE-42014,Garden Tools,Aluminium Handles,Garden Tool,,Aluminium Anodized,,images/SE-42014.jpg,B15
SE-42015,Garden Tools,Aluminium Handles,Garden Tool,,Aluminium Anodized,,images/SE-42015.jpg,B15
SE-42007,Garden Tools,Garden Tools,Garden Tool,,Powder Coated Textured,,images/SE-42007.jpg,B15
SE-42008,Garden Tools,Garden Tools,Garden Tool,,Powder Coated Textured,,images/SE-42008.jpg,B15
SE-42016,Garden Tools,Aluminium Handles,Garden Tool,,Aluminium Anodized,,images/SE-42016.jpg,B15
SE-42017,Garden Tools,Aluminium Handles,Garden Tool,,Aluminium Anodized,,images/SE-42017.jpg,B15
SE-43002,Lanterns,Lanterns,Lanterm,,Brass Polished Lacquered,BPL,images/SE-43002.jpg,B16
SE-43009,Lanterns,Lanterns,Lantern Wooden,,,,images/SE-43009.jpg,B16
SE-43010,Lanterns,Lanterns,Lantern,,Antique Brass,,images/SE-43010.jpg,B16
SE-43001,Lanterns,Lanterns,Lantern,,Brass Polished Lacquered,BPL,images/SE-43001.jpg,B16
SE-43008,Lanterns,Lanterns,Lantern,,Antique Brass,,images/SE-43008.jpg,B16
SE-43003,Lanterns,Lanterns,Lantem,,Antique Brass,,images/SE-43003.jpg,B16
SE-43004,Lanterns,Lanterns,Lantern,,Antique Brass,,images/SE-43004.jpg,B16
SE-43011,Lanterns,Lanterns,Lantern,,Antique Brass,,images/SE-43011.jpg,B16
SE-43012,Lanterns,Lanterns,Lantern,,Antique Brass,,images/SE-43012.jpg,B16
SE-43005,Lanterns,Lanterns,Lantern,,Antique Brass,,images/SE-43005.jpg,B16
SE-43006,Lanterns,Lanterns,Lanten,,Antique Brass,,images/SE-43006.jpg,B16
SE-43007,Lanterns,Lanterns,Lantern,,Antique Brass,,images/SE-43007.jpg,B16
SE-43013,Lanterns,Lanterns,Lantern,,Antique Brass,,images/SE-43013.jpg,B16
SE-43014,Lanterns,Lanterns,Lantern,,Antique Brass,,images/SE-43014.jpg,B16
SE-43015,Lanterns,Lanterns,Lanterm,,Antique Brass,,images/SE-43015.jpg,B16
SE-44008,Fire Sets,Fire Sets,Brass Fire Front,"16""",BPL&PC,,images/SE-44008.jpg,B17
SE-44009,Fire Sets,Fire Sets,Fire Screen,,Powder Coated Textured,,images/SE-44009.jpg,B17
SE-44002,Fire Sets,Fire Sets,Fire Sets,,Brass,,images/SE-44002.jpg,B17
SE-44003,Fire Sets,Fire Sets,Fire Sets,,Brass,,images/SE-44003.jpg,B17
SE-44001,Fire Sets,Fire Sets,Fire Sets,,Brass,,images/SE-44001.jpg,B17
SE-44007,Fire Sets,Fire Sets,Fire Sets,,Powder Coated Textured,,images/SE-44007.jpg,B17
SE-44010,Fire Sets,Fire Sets,Fire Sets,,Powder Coated Textured,,images/SE-44010.jpg,B17
SE-44011,Fire Sets,Fire Sets,Fire Sets,,Antique Brass,,images/SE-44011.jpg,B17
SE-44015,Fire Sets,Fire Sets,Umbrella Stand,,Powder Coated Textured,,images/SE-44015.jpg,B17
SE-44012,Fire Sets,Fire Sets,Fire Set,,Powder Coated Textured,,images/SE-44012.jpg,B17
SE-44013,Fire Sets,Fire Sets,Coal Bucket,,Powder Coated Textured,,images/SE-44013.jpg,B17
SE-44014,Fire Sets,Fire Sets,Wood Holder,,Powder Coated Textured,,images/SE-44014.jpg,B17
SE-44004,Fire Sets,Fire Sets,Fire Sets,,Brass,,images/SE-44004.jpg,B17
SE-44005,Fire Sets,Fire Sets,Fire Sets,,Brass,,images/SE-44005.jpg,B17
SE-44006,Fire Sets,Fire Sets,Fire Sets,,Brass,,images/SE-44006.jpg,B17
SE-46002,Bar Accessories,Napkin Holders,Napkin Holder,,,,images/SE-46002.jpg,B18
SE-46003,Bar Accessories,Napkin Holders,Napkin Holder,,,,images/SE-46003.jpg,B18
SE-46001,Bar Accessories,Napkin Holders,Napkin Holder,,,,images/SE-46001.jpg,B18
SE-46004,Bar Accessories,Napkin Holders,Napkin Holder,,,,images/SE-46004.jpg,B18
SE-46005,Bar Accessories,Napkin Holders,Napkin Holder,,,,images/SE-46005.jpg,B18
SE-46006,Bar Accessories,Napkin Holders,Napkin Holder,,,,images/SE-46006.jpg,B18
SE-45002,Bar Accessories,Bar Accessories,Ice Tong,,E.P.N.S.,,images/SE-45002.jpg,B18
SE-45003,Bar Accessories,Bar Accessories,Ice Tong,,E.P.N.S.,,images/SE-45003.jpg,B18
SE-45001,Bar Accessories,Bar Accessories,Double Jiggers,,E.P.N.S.,,images/SE-45001.jpg,B18
SE-46007,Bar Accessories,Napkin Holders,Napkin Holder,,,,images/SE-46007.jpg,B18
SE-46008,Bar Accessories,Napkin Holders,Napkin Holder,,,,images/SE-46008.jpg,B18
SE-46009,Bar Accessories,Napkin Holders,Napkin Holder,,,,images/SE-46009.jpg,B18
SE-46010,Bar Accessories,Napkin Holders,Napkin Holder,,,,images/SE-46010.jpg,B18
SE-45004,Bar Accessories,Bar Accessories,Service Tray,,E.P.N.S.,,images/SE-45004.jpg,B18
SE-46011,Bar Accessories,Napkin Holders,Napkin Holder,,,,images/SE-46011.jpg,B18
SE-46012,Bar Accessories,Napkin Holders,Napkin Holder,,,,images/SE-46012.jpg,B18
SE-46013,Bar Accessories,Napkin Holders,Napkin Holder,,,,images/SE-46013.jpg,B18
SE-46014,Bar Accessories,Napkin Holders,Napkin Holder,,,,images/SE-46014.jpg,B18
SE-45005,Bar Accessories,Bar Accessories,Wine Coolers,,E.P.N.S.,,images/SE-45005.jpg,B18
SE-45006,Bar Accessories,Bar Accessories,Cocktail Shaker,,E.P.N.S.,,images/SE-45006.jpg,B18
SE-45007,Bar Accessories,Bar Accessories,Corkscrew,,E.P.N.S.,,images/SE-45007.jpg,B18
SE-46015,Bar Accessories,Napkin Holders,Napkin Holder,,,,images/SE-46015.jpg,B18
SE-46017,Bar Accessories,Napkin Holders,Napkin Holder,,,,images/SE-46017.jpg,B18
SE-46018,Bar Accessories,Napkin Holders,Napkin Holder,,,,images/SE-46018.jpg,B18
SE-46016,Bar Accessories,Napkin Holders,Napkin Holder,,,,images/SE-46016.jpg,B18
SE-47002,Coasters & Vases,Coasters,Bone Coasters,,,,images/SE-47002.jpg,B19
SE-48002,Coasters & Vases,Aluminium Flower Vase,Flower Vase,,,,images/SE-48002.jpg,B19
SE-48003,Coasters & Vases,Aluminium Flower Vase,Flower Vase,,,,images/SE-48003.jpg,B19
SE-48004,Coasters & Vases,Aluminium Flower Vase,Flower Vase,,,,images/SE-48004.jpg,B19
SE-47001,Coasters & Vases,Coasters,Wooden&Bone Coasters,,,,images/SE-47001.jpg,B19
SE-48001,Coasters & Vases,Aluminium Flower Vase,Lantern,,,,images/SE-48001.jpg,B19
SE-47003,Coasters & Vases,Coasters,Bone Coasters,,,,images/SE-47003.jpg,B19
SE-47004,Coasters & Vases,Coasters,Wooden Coasters,,,,images/SE-47004.jpg,B19
SE-48005,Coasters & Vases,Aluminium Flower Vase,Flower Vase,,,,images/SE-48005.jpg,B19
SE-48006,Coasters & Vases,Aluminium Flower Vase,Flower Vase,,,,images/SE-48006.jpg,B19
SE-48007,Coasters & Vases,Aluminium Flower Vase,Flower Vase,,,,images/SE-48007.jpg,B19
SE-48008,Coasters & Vases,Aluminium Flower Vase,Flower Vase,,,,images/SE-48008.jpg,B19
SE-47005,Coasters & Vases,Coasters,Wooden Coasters,,,,images/SE-47005.jpg,B19
SE-47006,Coasters & Vases,Coasters,Wooden Coasters,,,,images/SE-47006.jpg,B19
SE-47007,Coasters & Vases,Coasters,Wooden Coasters,,,,images/SE-47007.jpg,B19
SE-48009,Coasters & Vases,Aluminium Flower Vase,Fruit Tray,,,,images/SE-48009.jpg,B19
SE-47008,Coasters & Vases,Coasters,Cigar Pipe,,,,images/SE-47008.jpg,B19
SE-47009,Coasters & Vases,Coasters,Cigar Pipe,,,,images/SE-47009.jpg,B19
SE-48010,Coasters & Vases,Aluminium Flower Vase,Fruit Tray,,,,images/SE-48010.jpg,B19
SE-48012,Coasters & Vases,Aluminium Flower Vase,Fruit Tray,,,,images/SE-48012.jpg,B19
SE-48011,Coasters & Vases,Aluminium Flower Vase,Fruit Tray,,,,images/SE-48011.jpg,B19
SE-50002,Saddlery Fittings,Brass Stair Fittings,Stair Fitting,,Satin Chrome Plated,SCP,images/SE-50002.jpg,B20
SE-50003,Saddlery Fittings,Brass Stair Fittings,Panic Snap,,Satin Chrome Plated,SCP,images/SE-50003.jpg,B20
SE-49002,Fancy Boxes,Fancy Boxes,Fancy Box,,,,images/SE-49002.jpg,B20
SE-49003,Fancy Boxes,Fancy Boxes,Fancy Box,,,,images/SE-49003.jpg,B20
SE-50001,Saddlery Fittings,Brass Stair Fittings,Old Double Pin Buckle,"1""",Stainless Steel,,images/SE-50001.jpg,B20
SE-50004,Saddlery Fittings,Brass Stair Fittings,Bull Snap,,Satin Chrome Plated,SCP,images/SE-50004.jpg,B20
SE-50005,Saddlery Fittings,Brass Stair Fittings,Stud Kajluck,"1""Square",Satin Chrome Plated,SCP,images/SE-50005.jpg,B20
SE-49004,Fancy Boxes,Fancy Boxes,Fancy Box,,,,images/SE-49004.jpg,B20
SE-49005,Fancy Boxes,Fancy Boxes,Fancy Box,,,,images/SE-49005.jpg,B20
SE-49001,Fancy Boxes,Fancy Boxes,Cigarette Case,,,,images/SE-49001.jpg,B20
SE-50006,Saddlery Fittings,Brass Stair Fittings,S.L.B.Roller Buckle,"1""",Satin Chrome Plated,SCP,images/SE-50006.jpg,B20
SE-50007,Saddlery Fittings,Brass Stair Fittings,Key,,Satin Chrome Plated,SCP,images/SE-50007.jpg,B20
SE-50008,Saddlery Fittings,Brass Stair Fittings,Bigl,"1""Round",Satin Chrome Plated,SCP,images/SE-50008.jpg,B20
SE-50009,Saddlery Fittings,Brass Stair Fittings,Stud Kajluckl 6/8Round,,Satin Chrome Plated,SCP,images/SE-50009.jpg,B20
SE-49006,Fancy Boxes,Fancy Boxes,Fancy Boxe,,,,images/SE-49006.jpg,B20
SE-49007,Fancy Boxes,Fancy Boxes,Fancy Box,,,,images/SE-49007.jpg,B20
SE-49008,Fancy Boxes,Fancy Boxes,Fancy Box,,,,images/SE-49008.jpg,B20
SE-49009,Fancy Boxes,Fancy Boxes,Fancy Box,,,,images/SE-49009.jpg,B20
SE-50010,Saddlery Fittings,Brass Stair Fittings,Stair Fitting,"1""",Stainless Steel,,images/SE-50010.jpg,B20
SE-50011,Saddlery Fittings,Brass Stair Fittings,Saj Big Long Buckle 1%,,Stainless Steel,,images/SE-50011.jpg,B20
SE-50012,Saddlery Fittings,Brass Stair Fittings,Big Rass Kari,,Stainless Steel,,images/SE-50012.jpg,B20
SE-50013,Saddlery Fittings,Brass Stair Fittings,Small Rass Kari,,Stainless Steel,,images/SE-50013.jpg,B20
SE-49010,Fancy Boxes,Fancy Boxes,Fancy Boxe,,,,images/SE-49010.jpg,B20
SE-49011,Fancy Boxes,Fancy Boxes,Fancy Box,,,,images/SE-49011.jpg,B20
SE-49012,Fancy Boxes,Fancy Boxes,Fancy Box,,,,images/SE-49012.jpg,B20
SE-50015,Saddlery Fittings,Saddlery Fittings,Girth Buckle H,"1""",Stainless Steel,,images/SE-50015.jpg,B21
SE-50016,Saddlery Fittings,Saddlery Fittings,Plate,"1""",Stainless Steel,,images/SE-50016.jpg,B21
SE-50030,Saddlery Fittings,Saddlery Fittings,Kainchi kajluck,"5/8""Square",BCP,,images/SE-50030.jpg,B21
SE-50031,Saddlery Fittings,Saddlery Fittings,Kainchi kajluck,"6/8""Round",BCP,,images/SE-50031.jpg,B21
SE-50014,Saddlery Fittings,Saddlery Fittings,Horse Hook Naal,,Stainless Steel,,images/SE-50014.jpg,B21
SE-50017,Saddlery Fittings,Saddlery Fittings,S.L.B.Buckle,"1""",Stainless Steel,,images/SE-50017.jpg,B21
SE-50018,Saddlery Fittings,Saddlery Fittings,S.L.B.Buckle,"1""",Stainless Steel,,images/SE-50018.jpg,B21
SE-50029,Saddlery Fittings,Saddlery Fittings,Panic Snap,,BCP,,images/SE-50029.jpg,B21
SE-50033,Saddlery Fittings,Saddlery Fittings,Kaickhikajlak,1'Square,BCP,,images/SE-50033.jpg,B21
SE-50019,Saddlery Fittings,Saddlery Fittings,Fancy Chand Buckle,"3/8"",4/8"",5/8""",Stainless Steel,,images/SE-50019.jpg,B21
SE-50020,Saddlery Fittings,Saddlery Fittings,Saaj Buckle,"3/8"",/2”5/8"",3/4""",SS&Brass,,images/SE-50020.jpg,B21
SE-50021,Saddlery Fittings,Saddlery Fittings,Bridle Buckle,"3/8"",”,5/8"",3/4"",718”，1”",Stainless Steel,,images/SE-50021.jpg,B21
SE-50022,Saddlery Fittings,Saddlery Fittings,S.L.B.S.S.Casting,"1""",Stainless Steel,,images/SE-50022.jpg,B21
SE-50023,Saddlery Fittings,Saddlery Fittings,Roller Buckle,"3/8°,258""3/4""7/8，1°",Stainless Steel,,images/SE-50023.jpg,B21
SE-50032,Saddlery Fittings,Saddlery Fittings,Adjuster,"2""","BPL,BCP.",,images/SE-50032.jpg,B21
SE-50034,Saddlery Fittings,Saddlery Fittings,Ring,"25mm,30mm,32mm / 35mm，40mm，42mm",BCP,,images/SE-50034.jpg,B21
SE-50027,Saddlery Fittings,Saddlery Fittings,Rakaab,,Brass Polished Lacquered,BPL,images/SE-50027.jpg,B21
SE-50028,Saddlery Fittings,Saddlery Fittings,Naal Jaal Hook,,Brass Polished Lacquered,BPL,images/SE-50028.jpg,B21
SE-50035,Saddlery Fittings,Saddlery Fittings,Saddlery Fitting,"4/8”5/8°，6/8""，7/8""，1°",BCP,,images/SE-50035.jpg,B21
SE-50024,Saddlery Fittings,Saddlery Fittings,China Kajluck Round,"1""",Chrome Plated,CP,images/SE-50024.jpg,B21
SE-50025,Saddlery Fittings,Saddlery Fittings,Quick Snap,"1""",Chrome Plated,CP,images/SE-50025.jpg,B21
SE-50026,Saddlery Fittings,Saddlery Fittings,China Rakaab,,Brass Polished Lacquered,BPL,images/SE-50026.jpg,B21
SE-50036,Saddlery Fittings,Saddlery Fittings,Jaal3k,"1""",BCP,,images/SE-50036.jpg,B21
SE-50037,Saddlery Fittings,Saddlery Fittings,Saddlery Fitting,"25mm,30mm.32mm / 35mm，40mm.42mm","BPL,BCP.",,images/SE-50037.jpg,B21
SE-51002,Candle Stands,Candle Stands,Candle Stand Five Arms,"52cms.,62cms.82cms",Nickle Plated,,images/SE-51002.jpg,B22
SE-51001,Candle Stands,Candle Stands,Candle Stand Five Arms with Wooden Bar,"52cms.,62cms.,82cms",,,images/SE-51001.jpg,B22
SE-51003,Candle Stands,Candle Stands,Aluminium Candle Stand Antique,15cms.,,,images/SE-51003.jpg,B22
SE-51007,Candle Stands,Candle Stands,Harican with Glass,38cms.48cms,,,images/SE-51007.jpg,B22
SE-51006,Candle Stands,Candle Stands,Candle Stand,28cms.,,,images/SE-51006.jpg,B22
SE-51005,Candle Stands,Candle Stands,Aluminium Candle Stand,,,,images/SE-51005.jpg,B22
SE-51004,Candle Stands,Candle Stands,Aluminium Candle Stand,,,,images/SE-51004.jpg,B22
